id,title,author,downloads,subjects,birth,death,pyearp
PG56310,The Undercurrent,"Grant, Robert",15,"{'Married people -- Fiction', 'American fiction -- 20th century', 'Divorce -- Fiction', 'Rich people -- Fiction'}",1852.0,1940.0,1896.0
PG4680,"Manuel Pereira; Or, The Sovereign Rule of South Carolina","Adams, F. Colburn (Francis Colburn)",12,"{'Biographical fiction', 'Pereira, Manuel -- Fiction', 'South Carolina -- Fiction', 'African Americans -- Fiction'}",1850.0,1891.0,1870.0
PG7887,Fortitude,"Walpole, Hugh",24,"{'London (England) -- Fiction', 'Young men -- Fiction'}",1884.0,1941.0,1912.0
PG1290,Salammbo,"Flaubert, Gustave",264,"{'Historical fiction', 'Carthage (Extinct city) -- History -- Fiction'}",1821.0,1880.0,1850.0
PG36365,"J. Poindexter, Colored","Cobb, Irvin S. (Irvin Shrewsbury)",27,"{'New York (N.Y.) -- Fiction', 'African Americans -- Fiction'}",1876.0,1944.0,1910.0
PG5401,Old Rose and Silver,"Reed, Myrtle",8,"{'Musicians -- Fiction', 'American fiction -- 20th century', 'Man-woman relationships -- Fiction'}",1874.0,1911.0,1892.0
PG11243,"Miles Wallingford: Sequel to ""Afloat and Ashore""","Cooper, James Fenimore",40,"{'Merchant mariners -- Fiction', 'Seafaring life -- Fiction', 'Sea stories'}",1789.0,1851.0,1820.0
PG35531,Countess Erika's Apprenticeship,"Schubin, Ossip",5,{'Austrian fiction -- Translations into English'},1854.0,1934.0,1894.0
PG24704,"On the Vice of Novel Reading.: Being a brief in appeal, pointing out errors of the lower tribunal.","Allison, Young Ewing",14,"{'Fiction in libraries', 'Books and reading'}",1853.0,1932.0,1892.0
PG51989,The Woman in the Alcove,"Lee, Jennette",10,{'Married people -- Fiction'},1860.0,1951.0,1906.0
PG22013,The Lady of the Ice: A Novel,"De Mille, James",11,{'Canada -- Fiction'},1833.0,1880.0,1856.0
PG8532,Andivius Hedulio: Adventures of a Roman Nobleman in the Days of the Empire,"White, Edward Lucas",15,"{'Historical fiction', 'Nobility -- Fiction', 'Rome -- History -- Empire, 30 B.C.-476 A.D. -- Fiction'}",1866.0,1934.0,1900.0
PG366,Bab: A Sub-Deb,"Rinehart, Mary Roberts",58,{'Debutantes -- Fiction'},1876.0,1958.0,1917.0
PG34882,Barrington. Volume 1 (of 2),"Lever, Charles James",15,"{'Aristocracy (Social class) -- Fiction', 'Ireland -- Fiction', 'Inheritance and succession -- Fiction'}",1806.0,1872.0,1839.0
PG5437,An Original Belle,"Roe, Edward Payson",13,"{'Love stories', 'United States -- History -- Civil War, 1861-1865 -- Fiction'}",1838.0,1888.0,1863.0
PG35335,The Sherrods,"McCutcheon, George Barr",5,{'Bigamy -- Fiction'},1866.0,1928.0,1897.0
PG35142,Hermann: A Novel,"Werner, E.",9,{'German fiction -- Translations into English'},1838.0,1918.0,1878.0
PG49850,"The Tower of London: A Historical Romance, Illustrated","Ainsworth, William Harrison",36,"{'London (England) -- Fiction', 'Tower of London (London, England) -- Fiction', 'Grey, Jane, Lady, 1537-1554 -- Fiction'}",1805.0,1882.0,1844.0
PG30970,Miss Cayley's Adventures,"Allen, Grant",52,"{'Man-woman relationships -- Fiction', 'Mystery fiction', 'Travel -- Fiction', 'Adventure stories', 'Young women -- Fiction'}",1848.0,1899.0,1874.0
PG39200,The English Novel and the Principle of its Development,"Lanier, Sidney",28,{'English fiction -- History and criticism'},1842.0,1881.0,1862.0
PG40454,"Frivolities, Especially Addressed to Those Who Are Tired of Being Serious","Marsh, Richard",9,"{'Fiction', 'Humorous stories, English', 'Short stories, English'}",1857.0,1915.0,1886.0
PG8525,"Eve's Diary, Complete","Twain, Mark",1022,"{'Bible. Genesis -- History of Biblical events -- Fiction', 'Diary fiction', 'Humorous stories', 'Eve (Biblical figure) -- Fiction'}",1835.0,1910.0,1872.0
PG42870,Mildred Keith,"Finley, Martha",43,"{'Families -- Juvenile fiction', 'Brothers and sisters -- Juvenile fiction'}",1828.0,1909.0,1868.0
PG11686,Without Dogma: A Novel of Modern Poland,"Sienkiewicz, Henryk",11,{'Poland -- Fiction'},1846.0,1916.0,1881.0
PG4795,"The Circassian Slave, or, the Sultan's favorite : a story of Constantinople and the Caucasus","Ballou, Maturin M. (Maturin Murray)",19,{'Fiction'},1820.0,1895.0,1858.0
PG53192,A Texas Blue Bonnet,"Jacobs, Caroline Emilia",14,"{'Young women -- Juvenile fiction', 'Texas -- Juvenile fiction', 'Bildungsromans', 'Ranch life -- Juvenile fiction', 'Families -- Juvenile fiction'}",1872.0,1909.0,1890.0
PG16097,"The Pursuit of the House-Boat: Being Some Further Account of the Divers Doings of the Associated Shades, under the Leadership of Sherlock Holmes, Esq.","Bangs, John Kendrick",27,"{'Holmes, Sherlock (Fictitious character) -- Fiction', 'Doyle, Arthur Conan, 1859-1930 -- Parodies, imitations, etc.', 'Fantasy fiction'}",1862.0,1922.0,1892.0
PG21997,"Christie's Old Organ: Or, ""Home, Sweet Home""","Walton, O. F., Mrs.",15,"{'Friendship -- Juvenile fiction', 'Christian life -- Juvenile fiction', 'Poverty -- Juvenile fiction'}",1849.0,1939.0,1894.0
PG66248,"The Texas Hawks; or, The Strange Decoy","Badger, Jos. E. (Joseph Edward)",61,"{'Dime novels', 'Brigands and robbers -- Fiction', 'Kiowa Indians -- Fiction', 'Texas -- Fiction'}",1848.0,1909.0,1878.0
PG787,The Man Between: An International Romance,"Barr, Amelia E.",12,"{'Love stories', 'Betrothal -- Fiction'}",1831.0,1919.0,1875.0
PG34599,What the Swallow Sang: A Novel,"Spielhagen, Friedrich",27,{'Fiction'},1829.0,1911.0,1870.0
PG29866,Hidden Hand,"Southworth, Emma Dorothy Eliza Nevitte",59,{'Women -- United States -- Fiction'},1819.0,1899.0,1859.0
PG1189,The Message,"Balzac, Honoré de",14,{'French fiction -- Translations into English'},1799.0,1850.0,1824.0
PG21233,"""All's Well""; or, Alice's Victory","Holt, Emily Sarah",6,"{'Counter-Reformation -- England -- Fiction', 'Historical fiction'}",1836.0,1893.0,1864.0
PG63458,Pussy-Cat Town,"Taggart, Marion Ames",10,{'Cats -- Juvenile fiction'},1866.0,1945.0,1906.0
PG4466,Diana of the Crossways — Volume 2,"Meredith, George",1,"{'Scandals -- Fiction', 'Great Britain -- Fiction', 'Separated people -- Fiction', 'Psychological fiction', 'Political fiction', 'Politicians -- Fiction', 'Married women -- Fiction'}",1828.0,1909.0,1868.0
PG22219,The Flight of Pony Baker: A Boy's Town Story,"Howells, William Dean",10,"{'Runaway children -- Juvenile fiction', 'Friendship -- Juvenile fiction', 'Children -- Conduct of life -- Juvenile fiction', 'Brothers and sisters -- Juvenile fiction', 'Parent and child -- Juvenile fiction', 'Amusements -- Juvenile fiction'}",1837.0,1920.0,1878.0
PG10882,The Eagle's Shadow,"Cabell, James Branch",37,"{'Historical fiction', 'Middle Ages -- Fiction', 'Fantasy fiction'}",1879.0,1958.0,1918.0
PG9769,"Alice, or the Mysteries — Book 07","Lytton, Edward Bulwer Lytton, Baron",22,{'English fiction -- 19th century'},1803.0,1873.0,1838.0
PG25132,The Candidate: A Political Romance,"Altsheler, Joseph A. (Joseph Alexander)",20,"{'Political campaigns -- Fiction', 'Political fiction'}",1862.0,1919.0,1890.0
PG2763,The World's Desire,"Lang, Andrew",55,"{'Fantasy fiction', 'Greece -- Fiction', 'Helen, of Troy, Queen of Sparta -- Fiction', 'Odysseus, King of Ithaca (Mythological character) -- Fiction', 'Adventure stories'}",1844.0,1912.0,1878.0
PG51233,The Marching Morons,"Kornbluth, C. M. (Cyril M.)",2016,{'Science fiction'},1923.0,1958.0,1940.0
PG33680,"Highway Pirates; or, The Secret Place at Coverthorne","Avery, Harold",11,"{'Friendship -- Juvenile fiction', 'Boys -- Juvenile fiction', 'Inheritance and succession -- Juvenile fiction', 'Smugglers -- Juvenile fiction'}",1867.0,1943.0,1905.0
PG35502,The Basket Woman: A Book of Indian Tales for Children,"Austin, Mary",36,{'Indians of North America -- Juvenile fiction'},1868.0,1934.0,1901.0
PG23356,A Struggle For Life,"Aldrich, Thomas Bailey",6,"{'United States -- Social life and customs -- 19th century -- Fiction', 'Short stories'}",1836.0,1907.0,1872.0
PG34481,The Prime Minister,"Kingston, William Henry Giles",18,"{'Portugal -- History -- Joseph, 1750-1777 -- Fiction'}",1814.0,1880.0,1847.0
PG55021,Through Swamp and Glade: A Tale of the Seminole War,"Munroe, Kirk",7,"{'Seminole War, 2nd, 1835-1842 -- Juvenile fiction', 'War -- Juvenile fiction', 'Soldiers -- Juvenile fiction', 'Swamps -- Juvenile fiction', 'Slavery -- Juvenile fiction', 'Indian reservations -- Florida -- Juvenile fiction', 'Florida -- Juvenile fiction', 'Osceola, Seminole chief, 1804-1838 -- Juvenile fiction', 'Seminole Indians -- Juvenile fiction', 'Adventure stories', 'Cruelty -- Juvenile fiction'}",1850.0,1930.0,1890.0
PG10319,"Dave Darrin's Third Year at Annapolis; Or, Leaders of the Second Class Midshipmen","Hancock, H. Irving (Harrie Irving)",5,{'United States Naval Academy -- Juvenile fiction'},1868.0,1922.0,1895.0
PG58628,Watermelon Mystery at Sugar Creek,"Hutchens, Paul",22,"{'Robbers and outlaws -- Juvenile fiction', 'Adventure and adventurers -- Juvenile fiction', 'Christian life -- Juvenile fiction'}",1902.0,1977.0,1940.0
PG64842,The Psychological Regulator,"Kornbluth, C. M. (Cyril M.)",48,"{'Science fiction', 'Psychological fiction'}",1923.0,1958.0,1940.0
PG32064,The Wine-ghosts of Bremen,"Hauff, Wilhelm",33,{'German fiction -- Translations into English'},1802.0,1827.0,1814.0
PG1629,"""I Say No""","Collins, Wilkie",68,"{'Great Britain -- Social life and customs -- 19th century -- Fiction', 'Mystery fiction'}",1824.0,1889.0,1856.0
PG5658,Lord Jim,"Conrad, Joseph",957,"{'Psychological fiction', 'Merchant marine -- Officers -- Fiction', 'Indonesia -- Fiction', 'Atonement -- Fiction', 'Cowardice -- Fiction', 'British -- Indonesia -- Fiction'}",1857.0,1924.0,1890.0
PG11918,The Castle Inn,"Weyman, Stanley John",40,{'Great Britain -- History -- 18th century -- Fiction'},1855.0,1928.0,1892.0
PG11153,No Hero,"Hornung, E. W. (Ernest William)",45,"{'Man-woman relationships -- Fiction', 'Young men -- Fiction', 'South African War, 1899-1902 -- Veterans -- Fiction', 'British -- Switzerland -- Fiction', 'Widows -- Fiction'}",1866.0,1921.0,1894.0
PG23374,The Dingo Boys: The Squatters of Wallaby Range,"Fenn, George Manville",22,"{'Frontier and pioneer life -- Australia -- Juvenile fiction', 'Australia -- Emigration and immigration -- Juvenile fiction', 'Aboriginal Australians -- Juvenile fiction', 'Australia -- Juvenile fiction', 'British -- Australia -- Juvenile fiction'}",1831.0,1909.0,1870.0
PG3169,The Pursuit of the House-Boat,"Bangs, John Kendrick",52,"{'Holmes, Sherlock (Fictitious character) -- Fiction', 'Doyle, Arthur Conan, 1859-1930 -- Parodies, imitations, etc.', 'Fantasy fiction'}",1862.0,1922.0,1892.0
PG65172,A Gentleman of Leisure,"Wodehouse, P. G. (Pelham Grenville)",158,"{'British -- United States -- Fiction', 'Police -- Family relationships -- Fiction', 'Love stories', 'New York (N.Y.) -- Fiction', 'Humorous stories', 'Burglary -- Fiction'}",1881.0,1975.0,1928.0
PG8206,The Pilgrims of the Rhine,"Lytton, Edward Bulwer Lytton, Baron",47,"{'Fairies -- Fiction', 'Rhine River Valley -- Fiction', 'Fantasy fiction'}",1803.0,1873.0,1838.0
PG16005,"Jane Sinclair; Or, The Fawn Of Springvale: The Works of William Carleton, Volume Two","Carleton, William",10,{'Ireland -- Social life and customs -- Fiction'},1794.0,1869.0,1832.0
PG53567,Winefred: A Story of the Chalk Cliffs,"Baring-Gould, S. (Sabine)",16,{'English fiction'},1834.0,1924.0,1879.0
PG9913,The Trail Book,"Austin, Mary",44,"{'Nature stories, American', 'Indians of North America -- Fiction', 'American Museum of Natural History -- Fiction', 'Western stories'}",1868.0,1934.0,1901.0
PG3969,Jacqueline — Volume 2,"Bentzon, Th.",0,{'Paris (France) -- Fiction'},1840.0,1907.0,1874.0
PG5518,The Bride of the Nile — Volume 02,"Ebers, Georg",0,"{'Egypt -- History -- Fiction', 'German fiction -- Translations into English'}",1837.0,1898.0,1868.0
PG53071,"Mark the Match Boy; or, Richard Hunter's Ward","Alger, Horatio, Jr.",56,"{'Friendship -- Juvenile fiction', 'Youth -- Conduct of life -- Juvenile fiction', 'Peddlers -- Juvenile fiction', 'Conduct of life -- Juvenile fiction', 'Success -- Juvenile fiction', 'New York (N.Y.) -- Juvenile fiction', 'Orphans -- Juvenile fiction', 'Diligence -- Juvenile fiction', 'Self culture -- Juvenile fiction'}",1832.0,1899.0,1866.0
PG66169,Robin Hood and His Merry Foresters,"Cundall, Joseph",114,"{'Sherwood Forest (England) -- Juvenile fiction', 'Robin Hood (Legendary character) -- Juvenile fiction', 'Clergy -- Juvenile fiction', 'Archery -- Juvenile fiction', 'Outlaws -- Juvenile fiction', 'Kings and rulers -- Juvenile fiction', 'Sheriffs -- Juvenile fiction'}",1818.0,1895.0,1856.0
PG23440,Edward Barry: South Sea Pearler,"Becke, Louis",9,"{'Pearl fisheries -- Fiction', 'Oceania -- Fiction'}",1855.0,1913.0,1884.0
PG21230,Susan: A Story for Children,"Walton, Amy",3,"{'Friendship -- Juvenile fiction', 'Brothers and sisters -- Juvenile fiction', 'Aunts -- Juvenile fiction', 'Conduct of life -- Juvenile fiction'}",1848.0,1899.0,1874.0
PG5341,Kilmeny of the Orchard,"Montgomery, L. M. (Lucy Maud)",169,"{'Teachers -- Juvenile fiction', 'Mute persons -- Juvenile fiction', 'Prince Edward Island -- Juvenile fiction'}",1874.0,1942.0,1908.0
PG34681,The Frontier Angel: A Romance of Kentucky Rangers' Life,"Ellis, Edward Sylvester",24,{'Kentucky -- Fiction'},1840.0,1916.0,1878.0
PG58967,The Procurator of Judea,"France, Anatole",25,"{'French fiction -- Translations into English', 'Pilate, Pontius, active 1st century -- Fiction', 'Short stories, French -- Translations into English'}",1844.0,1924.0,1884.0
PG6267,The Weavers: a tale of England and Egypt of fifty years ago - Complete,"Parker, Gilbert",26,{'Society of Friends -- Fiction'},1862.0,1932.0,1897.0
PG35281,The Joyous Story of Toto,"Richards, Laura Elizabeth Howe",17,"{'Animals -- Juvenile fiction', 'Friendship -- Juvenile fiction', 'Children -- Conduct of life -- Juvenile fiction', 'Blindness -- Juvenile fiction', 'Conduct of life -- Juvenile fiction', 'Grandmothers -- Juvenile fiction'}",1850.0,1943.0,1896.0
PG36717,Molly Brown's Junior Days,"Speed, Nell",41,"{'Social values -- Juvenile fiction', 'College stories', 'College students -- Juvenile fiction', 'Young women -- Social life and customs -- Juvenile fiction', 'Japanese -- United States -- Juvenile fiction', 'Tricks -- Juvenile fiction'}",1878.0,1913.0,1896.0
PG3137,The Rise of Roscoe Paine,"Lincoln, Joseph Crosby",13,"{'Cape Cod (Mass.) -- Fiction', 'Massachusetts -- Fiction'}",1870.0,1944.0,1907.0
PG22846,The Ground-Ash,"Mitford, Mary Russell",8,"{'Short stories', 'Poor children -- Fiction'}",1787.0,1855.0,1821.0
PG20424,A Son of the Hills,"Comstock, Harriet T. (Harriet Theresa)",11,{'Fiction'},1860.0,1943.0,1902.0
PG157,Daddy-Long-Legs,"Webster, Jean",799,"{'Women college students -- Fiction', 'Boarding schools -- Fiction', 'Schools -- Fiction', 'Philanthropists -- Fiction', 'Bildungsromans', 'Epistolary fiction', 'Orphans -- Fiction', 'Love stories', 'Women authors -- Fiction', 'Universities and colleges -- Fiction', 'Letters -- Fiction', 'Young women -- Fiction'}",1876.0,1916.0,1896.0
PG64301,Golden Fleece: The American Adventures of a Fortune Hunting Earl,"Phillips, David Graham",9,{'British -- United States -- Fiction'},1867.0,1911.0,1889.0
PG17460,Lorna Doone: A Romance of Exmoor,"Blackmore, R. D. (Richard Doddridge)",262,"{'Historical fiction', 'Love stories', 'Exmoor (England) -- Fiction', ""Monmouth's Rebellion, 1685 -- Fiction""}",1825.0,1900.0,1862.0
PG25578,The Sunbridge Girls at Six Star Ranch,"Porter, Eleanor H. (Eleanor Hodgman)",30,"{'Ranches -- Juvenile fiction', 'Girls -- Juvenile fiction'}",1868.0,1920.0,1894.0
PG37576,The Golden Hope: A Story of the Time of King Alexander the Great,"Fuller, Robert H. (Robert Higginson)",13,"{'Greece -- History -- Macedonian Expansion, 359-323 B.C. -- Fiction', 'Adventure stories', 'Alexander, the Great, 356 B.C.-323 B.C. -- Fiction'}",1865.0,1927.0,1896.0
PG5572,"A Word, Only a Word — Volume 01","Ebers, Georg",3,"{""Netherlands -- History -- Eighty Years' War, 1568-1648 -- Fiction"", 'German fiction -- Translations into English'}",1837.0,1898.0,1868.0
PG44404,"Adrift in the Unknown; or, Queer Adventures in a Queer Realm","Cook, William Wallace",21,{'Science fiction'},1867.0,1933.0,1900.0
PG28636,The Grey Woman and other Tales,"Gaskell, Elizabeth Cleghorn",339,"{'Short stories', 'England -- Social life and customs -- 19th century -- Fiction'}",1810.0,1865.0,1838.0
PG27079,Jonah and Co.,"Yates, Dornford",15,"{'Pau (France) -- Fiction', 'Humorous stories', 'Love stories'}",1885.0,1960.0,1922.0
PG1667,My Aunt Margaret's Mirror,"Scott, Walter",49,"{'Magic -- Fiction', 'Scotland -- Social life and customs -- Fiction'}",1771.0,1832.0,1802.0
PG39214,When Love Calls,"Weyman, Stanley John",7,"{'France -- Fiction', 'England -- Fiction', 'Short stories, English'}",1855.0,1928.0,1892.0
PG23809,An Idyl of the East Side: 1891,"Janvier, Thomas A. (Thomas Allibone)",5,{'United States -- Social life and customs -- 19th century -- Fiction'},1849.0,1913.0,1881.0
PG6256,"Donovan Pasha, and Some People of Egypt — Volume 1","Parker, Gilbert",4,"{'Egypt -- Fiction', 'Short stories'}",1862.0,1932.0,1897.0
PG39168,Sophia: A Romance,"Weyman, Stanley John",16,"{'Love stories', 'England -- Social life and customs -- 18th century -- Fiction', 'Great Britain -- History -- George II, 1727-1760 -- Fiction', 'Young women -- Fiction'}",1855.0,1928.0,1892.0
PG43325,Her Benny: A Story of Street Life,"Hocking, Silas K. (Silas Kitto)",33,"{'Children -- Conduct of life -- Juvenile fiction', 'Farms -- Juvenile fiction', 'Brothers and sisters -- Juvenile fiction', 'Conduct of life -- Juvenile fiction', 'Voyages and travels -- Juvenile fiction', 'Diligence -- Juvenile fiction', 'Street life -- Juvenile fiction', 'Adventure stories', 'Christian life -- Juvenile fiction', 'Accidents -- Juvenile fiction'}",1850.0,1935.0,1892.0
PG57825,Jimmy Drury: Candid Camera Detective,"O'Hara, David",11,"{'Detective and mystery stories', 'Photography -- Juvenile fiction', 'High school students -- Juvenile fiction', 'Teenage boys -- Juvenile fiction'}",1878.0,1959.0,1918.0
PG63566,Jack Manly; His Adventures by Sea and Land,"Grant, James",18,"{'Animals -- Juvenile fiction', 'Seafaring life -- Juvenile fiction', 'Wilderness survival -- Juvenile fiction', 'Voyages around the world -- Juvenile fiction', 'Adventure stories'}",1822.0,1887.0,1854.0
PG20745,"An Outcast; Or, Virtue and Faith","Adams, F. Colburn (Francis Colburn)",7,"{'United States -- Social life and customs -- 19th century -- Fiction', 'Vice -- Fiction', 'Conduct of life -- Fiction'}",1850.0,1891.0,1870.0
PG36601,A Vendetta of the Desert,"Scully, W. C. (William Charles)",3,"{'South African fiction (English)', 'Afrikaners -- Fiction', 'South Africa -- Fiction'}",1855.0,1943.0,1899.0
PG24680,The Martyr of the Catacombs: A Tale of Ancient Rome,"De Mille, James",69,"{'Historical fiction', 'Rome -- History -- Empire, 30 B.C.-284 A.D.', 'Christian fiction', 'Church history -- Primitive and early church, ca. 30-600 -- Fiction'}",1833.0,1880.0,1856.0
PG50796,Shipping Clerk,"Samachson, Joseph",21,"{'Short stories', 'Poor -- Fiction', 'Science fiction'}",1906.0,1980.0,1943.0
PG9587,Margaret Smith's Journal: Part 1 from Volume V of The Works of John Greenleaf Whittier,"Whittier, John Greenleaf",4,"{'Women -- Massachusetts -- Fiction', 'United States -- History -- Colonial period, ca. 1600-1775 -- Fiction', 'Massachusetts Bay Company -- Fiction'}",1807.0,1892.0,1850.0
PG3776,The Valley of Fear,"Doyle, Arthur Conan",52,"{'Holmes, Sherlock (Fictitious character) -- Fiction', 'Detective and mystery stories', 'Private investigators -- England -- Fiction'}",1859.0,1930.0,1894.0
PG65810,Christmas for Tad: A Story of Mary and Abraham Lincoln,"Miller, Helen Topping",18,"{'Lincoln, Abraham, 1809-1865 -- Fiction', 'Lincoln, Mary Todd, 1818-1882 -- Fiction', 'Biographical fiction', 'Presidents -- United States -- Fiction', 'Christmas stories', 'Lincoln, Thomas, 1853-1871 -- Fiction'}",1884.0,1960.0,1922.0
PG5700,Love and Life: An Old Story in Eighteenth Century Costume,"Yonge, Charlotte M. (Charlotte Mary)",13,{'English fiction -- 19th century'},1823.0,1901.0,1862.0
PG60451,The Mystery of Suicide Place,"Miller, Alex. McVeigh, Mrs.",10,{'Mystery fiction'},1850.0,1937.0,1894.0
PG5950,The Fortunes of Nigel,"Scott, Walter",96,"{'Scots -- England -- Fiction', 'James I, King of England, 1566-1625 -- Fiction', 'Great Britain -- History -- James I, 1603-1625 -- Fiction', 'Historical fiction', 'London (England) -- History -- 17th century -- Fiction'}",1771.0,1832.0,1802.0
PG29931,The Big Tomorrow,"Shaver, Richard S.",41,"{'Short stories', 'Science fiction'}",1907.0,1975.0,1941.0
PG4633,Philip Steele of the Royal Northwest Mounted Police,"Curwood, James Oliver",35,"{'Western stories', 'Mounted police -- Fiction', 'Royal Canadian Mounted Police -- Fiction', 'Northwest, Canadian -- Fiction'}",1878.0,1927.0,1902.0
PG1414,Somebody's Luggage,"Dickens, Charles",45,{'England -- Social life and customs -- 19th century -- Fiction'},1812.0,1870.0,1841.0
PG38895,The Cloister and the Hearth: A Tale of the Middle Ages,"Reade, Charles",52,"{'Netherlands -- Fiction', 'Historical fiction', 'Love stories', 'Middle Ages -- Fiction'}",1814.0,1884.0,1849.0
PG3932,Zibeline — Volume 2,"Massa, Philippe, marquis de",0,"{'Heroines -- Fiction', 'Paris (France) -- Fiction'}",1831.0,1911.0,1871.0
PG42926,The Last of Their Race,"Swan, Annie S.",11,{'Fiction'},1859.0,1943.0,1901.0
PG34616,Barren Honour: A Novel,"Lawrence, George A. (George Alfred)",15,{'Fiction'},1827.0,1876.0,1852.0
PG18093,From the Valley of the Missing,"White, Grace Miller",35,"{'Social classes -- Fiction', 'New York (State) -- Fiction', 'Kidnapping -- Fiction'}",1868.0,1957.0,1912.0
PG16903,The Gold-Stealers: A Story of Waddy,"Dyson, Edward",4,{'Australia -- Fiction'},1865.0,1931.0,1898.0
PG62546,Prey of the Space Falcon,"Peacock, Wilbur S.",22,"{'Drug traffic -- Fiction', 'Revolutionaries -- Fiction', 'Pirates -- Fiction', 'Science fiction'}",1911.0,1979.0,1945.0
PG57298,"Scott Burton, Forester","Cheyney, Edward G. (Edward Gheen)",4,"{'College stories', 'Forestry schools and education -- Juvenile fiction', 'Forests and forestry -- Juvenile fiction', 'Minnesota -- Juvenile fiction'}",1878.0,1950.0,1914.0
PG18774,The Sun of Quebec: A Story of a Great Crisis,"Altsheler, Joseph A. (Joseph Alexander)",19,"{'United States -- History -- French and Indian War, 1754-1763 -- Juvenile fiction'}",1862.0,1919.0,1890.0
PG43019,Love After Marriage; and Other Stories of the Heart,"Hentz, Caroline Lee",32,"{'Short stories, American', 'Fiction'}",1800.0,1856.0,1828.0
PG58770,Beryl of the Biplane: Being the Romance of an Air-Woman of To-Day,"Le Queux, William",8,"{'World War, 1914-1918 -- Aerial operations -- Fiction'}",1864.0,1927.0,1896.0
PG65186,Beyond the Fearful Forest,"Krepps, Robert W.",55,"{'Hunters -- Fiction', 'Science fiction'}",1919.0,1980.0,1950.0
PG53031,The Barton Experiment,"Habberton, John",5,"{'Christian life -- Fiction', 'Reformers -- Fiction', 'Conduct of life -- Fiction', 'Evangelistic work -- Fiction', 'Alcoholism -- Fiction'}",1842.0,1921.0,1882.0
PG32795,Three Thousand Dollars,"Green, Anna Katharine",20,"{'New York (N.Y.) -- Fiction', 'Robbery -- Fiction', 'Criminals -- Fiction'}",1846.0,1935.0,1890.0
PG7623,Pelham — Complete,"Lytton, Edward Bulwer Lytton, Baron",82,"{'English fiction -- 19th century', 'Adventure stories', 'Great Britain -- History -- 19th century -- Fiction'}",1803.0,1873.0,1838.0
PG25429,The Peril Finders,"Fenn, George Manville",40,"{'Fathers and sons -- Juvenile fiction', 'Frontier and pioneer life -- West (U.S.) -- Juvenile fiction', 'Adventure and adventurers -- Juvenile fiction'}",1831.0,1909.0,1870.0
PG35484,The Black Eagle Mystery,"Bonner, Geraldine",24,"{'Detective and mystery stories', 'American fiction -- 20th century'}",1870.0,1930.0,1900.0
PG57643,Doctor Izard,"Green, Anna Katharine",27,"{'Detective and mystery stories', 'American fiction -- 19th century'}",1846.0,1935.0,1890.0
PG54900,The Return of the O'Mahony: A Novel,"Frederic, Harold",23,"{'Ireland -- Fiction', 'United States -- History -- Civil War, 1861-1865 -- Desertions -- Fiction', 'Deception -- Fiction'}",1856.0,1898.0,1877.0
PG16918,Hills of the Shatemuc,"Warner, Susan",2,"{'Children -- Death -- Juvenile fiction', 'Brothers and sisters -- Juvenile fiction', 'Farm life -- Juvenile fiction', 'Conduct of life -- Juvenile fiction'}",1819.0,1885.0,1852.0
PG28439,The Comings of Cousin Ann,"Sampson, Emma Speed",19,"{'Cousins -- Fiction', 'Kentucky -- Fiction', 'Hospitality -- Fiction', 'Families -- Fiction'}",1868.0,1947.0,1908.0
PG1761,My Buried Treasure,"Davis, Richard Harding",8,"{'Short stories', 'Fiction'}",1864.0,1916.0,1890.0
PG23487,"Tonio, Son of the Sierras: A Story of the Apache War","King, Charles",13,"{'Soldiers -- West (U.S.) -- Fiction', 'Western stories', 'Apache Indians -- Wars, 1872-1873 -- Fiction'}",1844.0,1933.0,1888.0
PG5509,Arachne — Volume 02,"Ebers, Georg",1,"{'Egypt -- History -- 332-30 B.C. -- Fiction', 'German fiction -- Translations into English'}",1837.0,1898.0,1868.0
PG3499,Jo's Boys,"Alcott, Louisa May",376,"{'Family life -- New England -- Fiction', 'Boarding schools -- Fiction', 'Schools -- Fiction', 'New England -- Fiction'}",1832.0,1888.0,1860.0
PG4591,After a Shadow and Other Stories,"Arthur, T. S. (Timothy Shay)",51,"{'Short stories', 'American fiction -- 19th century'}",1809.0,1885.0,1847.0
PG57242,"The Treasure of the ""San Philipo""","Westerman, Percy F. (Percy Francis)",7,"{'Adventure stories', 'Treasure troves -- Juvenile fiction'}",1876.0,1959.0,1918.0
PG32895,A Veldt Vendetta,"Mitford, Bertram",37,{'South Africa -- Fiction'},1855.0,1914.0,1884.0
PG13832,"Romance of California Life: Illustrated by Pacific Slope Stories, Thrilling, Pathetic and Humorous","Habberton, John",63,{'California -- Fiction'},1842.0,1921.0,1882.0
PG50122,The Glorious Return: A Story of the Vaudois in 1689,"Temple, Crona",9,{'Waldenses -- Fiction'},1846.0,1916.0,1881.0
PG40640,The Following of the Star: A Romance,"Barclay, Florence L. (Florence Louisa)",23,"{'Clergy -- Fiction', 'Missionaries -- Fiction', 'Marriage -- Fiction', 'Inheritance and succession -- Fiction'}",1862.0,1921.0,1892.0
PG41224,"The Sicilian Bandit: From the Volume ""Captain Paul""","Dumas, Alexandre",35,{'Brigands and robbers -- Fiction'},1802.0,1870.0,1836.0
PG153,Jude the Obscure,"Hardy, Thomas",864,"{'Illegitimate children -- Fiction', 'Unmarried couples -- Fiction', 'Adultery -- Fiction', 'Didactic fiction', 'Love stories', 'Children -- Death -- Fiction', 'Stonemasons -- Fiction', 'Wessex (England) -- Fiction'}",1840.0,1928.0,1884.0
PG43126,The Children of the Castle,"Molesworth, Mrs.",20,"{'Sisters -- Juvenile fiction', 'Fairies -- Juvenile fiction', 'Castles -- Juvenile fiction', 'Fishing -- Juvenile fiction', 'Magic -- Juvenile fiction', 'Princesses -- Juvenile fiction', 'Children -- Conduct of life -- Juvenile fiction', 'Fantasy literature', 'Conduct of life -- Juvenile fiction'}",1839.0,1921.0,1880.0
PG31496,Ditte: Girl Alive!,"Andersen Nexø, Martin",18,"{'Danish fiction -- Translations into English', 'Denmark -- Fiction'}",1869.0,1954.0,1912.0
PG34338,Monsieur Cherami,"Kock, Paul de",15,{'French fiction -- Translations into English'},1793.0,1871.0,1832.0
PG46674,Stover at Yale,"Johnson, Owen",40,"{'College stories', 'Yale University -- Fiction'}",1878.0,1952.0,1915.0
PG36281,The Slayer of Souls,"Chambers, Robert W. (Robert William)",54,"{'Conspiracies -- Fiction', 'Magic -- Fiction', 'Fantasy fiction'}",1865.0,1933.0,1899.0
PG4676,Outpost,"Austin, Jane G. (Jane Goodwin)",14,{'Fiction'},1831.0,1894.0,1862.0
PG21292,Brave and True: Short stories for children by G. M. Fenn and Others,"Fenn, George Manville",10,"{""Children's poetry"", 'Courage -- Juvenile fiction', 'Children -- Conduct of life -- Juvenile fiction', 'Short stories', ""Children's stories"", 'Indians of North America -- Juvenile fiction'}",1831.0,1909.0,1870.0
PG41637,The Forgotten Planet,"Leinster, Murray",140,{'Science fiction'},1896.0,1975.0,1936.0
PG14755,Father Stafford,"Hope, Anthony",15,"{'Clergy -- Fiction', 'Mate selection -- Fiction', 'England -- Social life and customs -- Fiction'}",1863.0,1933.0,1898.0
PG12611,The Regent,"Bennett, Arnold",29,"{'City and town life -- Fiction', 'London (England) -- Fiction', 'Adventure stories'}",1867.0,1931.0,1899.0
PG14605,The Devil's Garden,"Maxwell, W. B. (William Babington)",16,{'Fiction'},1866.0,1938.0,1902.0
PG31771,"Si Klegg, Book 1: His Transformation from a Raw Recruit to a Veteran","McElroy, John",40,"{'United States -- History -- Civil War, 1861-1865 -- Fiction', 'Indiana -- History -- Civil War, 1861-1865 -- Fiction'}",1846.0,1929.0,1888.0
PG26310,My New Home,"Molesworth, Mrs.",12,"{'Cousins -- Juvenile fiction', 'Friendship -- Juvenile fiction', 'Conduct of life -- Juvenile fiction', 'Orphans -- Juvenile fiction', 'Grandparent and child -- Juvenile fiction'}",1839.0,1921.0,1880.0
PG59927,Black Sheep: A Novel,"Yates, Edmund",5,{'Fiction'},1831.0,1894.0,1862.0
PG16540,Melchior's Dream and Other Tales,"Ewing, Juliana Horatia",21,"{""Children's stories, English"", 'Conduct of life -- Juvenile fiction'}",1841.0,1885.0,1863.0
PG5140,He Knew He Was Right,"Trollope, Anthony",75,"{'Married people -- Fiction', 'Husbands -- Fiction', 'Psychological fiction', 'England -- Social life and customs -- 19th century -- Fiction', 'Domestic fiction'}",1815.0,1882.0,1848.0
PG958,Rinkitink in Oz: Wherein Is Recorded the Perilous Quest of Prince Inga of Pingaree and King Rinkitink in the Magical Isles That Lie Beyond the Borderland of Oz,"Baum, L. Frank (Lyman Frank)",41,"{'Islands -- Juvenile fiction', 'Magic -- Juvenile fiction', 'Friendship -- Juvenile fiction', 'Slaves -- Juvenile fiction', 'Adventure and adventurers -- Juvenile fiction', 'Gale, Dorothy (Fictitious character) -- Juvenile fiction', 'Goats -- Juvenile fiction', 'Wizard of Oz (Fictitious character) -- Juvenile fiction', 'Fantasy literature', 'Good and evil -- Juvenile fiction', 'Oz (Imaginary place) -- Juvenile fiction', 'Kings and rulers -- Juvenile fiction', 'Escapes -- Juvenile fiction'}",1856.0,1919.0,1888.0
PG5301,The Imperialist,"Duncan, Sara Jeannette",24,"{'Autobiographical fiction', 'Ontario -- Fiction', 'Political fiction', 'Domestic fiction', 'Imperialism -- Fiction'}",1861.0,1922.0,1892.0
PG29729,Victor's Triumph: Sequel to A Beautiful Fiend,"Southworth, Emma Dorothy Eliza Nevitte",24,{'Fiction'},1819.0,1899.0,1859.0
PG50309,Dave Dawson in Libya,"Bowen, Robert Sidney",48,"{'World War, 1939-1945 -- Juvenile fiction'}",1900.0,1977.0,1938.0
PG62783,"Lob Lie-By-The-Fire, The Brownies and Other Tales","Ewing, Juliana Horatia",31,"{'Children -- Conduct of life -- Juvenile fiction', 'Conduct of life -- Juvenile fiction'}",1841.0,1885.0,1863.0
PG35684,At Large,"Hornung, E. W. (Ernest William)",12,"{'Love stories', 'Australians -- England -- Fiction'}",1866.0,1921.0,1894.0
PG37725,The Fisher Girl,"Bjørnson, Bjørnstjerne",25,"{'Bildungsromans', 'Norway -- Fiction', 'Young women -- Fiction'}",1832.0,1910.0,1871.0
PG15230,Miss Mink's Soldier and Other Stories,"Rice, Alice Caldwell Hegan",20,"{'Short stories', 'Fiction'}",1870.0,1942.0,1906.0
PG30408,The Fifth-Dimension Tube,"Leinster, Murray",130,{'Science fiction'},1896.0,1975.0,1936.0
PG31140,"Young Auctioneers; Or, The Polishing of a Rolling Stone","Stratemeyer, Edward",10,"{'Auctioneers -- Juvenile fiction', 'Auctions -- Juvenile fiction'}",1862.0,1930.0,1896.0
PG54048,"The Romany Rye: A sequel to ""Lavengro""","Borrow, George",22,"{'England -- Fiction', 'Romanies -- Fiction', 'Adventure stories'}",1803.0,1881.0,1842.0
PG26389,Dorothy on a Ranch,"Raymond, Evelyn",14,"{'Sheep ranches -- Juvenile fiction', 'Chester, Dorothy (Fictitious character) -- Juvenile fiction', 'Horses -- Juvenile fiction', 'Ranch life -- Juvenile fiction', 'Western stories', 'Colorado -- Juvenile fiction', 'Silver mines and mining -- Juvenile fiction'}",1843.0,1910.0,1876.0
PG41433,Robert Kimberly,"Spearman, Frank H. (Frank Hamilton)",19,"{'Man-woman relationships -- Fiction', 'Triangles (Interpersonal relations) -- Fiction', 'Divorce -- Fiction', 'Sugar trade -- Fiction', 'Married women -- Fiction'}",1859.0,1937.0,1898.0
PG40959,Le Cocu (Novels of Paul de Kock Volume XVIII),"Kock, Paul de",18,{'French fiction -- 19th century'},1793.0,1871.0,1832.0
PG2515,Stepping Heavenward,"Prentiss, E. (Elizabeth)",48,"{'Christian life -- Fiction', 'Conduct of life -- Fiction'}",1818.0,1878.0,1848.0
PG45265,The Story of a Fierce Bad Rabbit,"Potter, Beatrix",134,"{'Hunters -- Juvenile fiction', 'Disorderly conduct -- Juvenile fiction', 'Rabbits -- Juvenile fiction'}",1866.0,1943.0,1904.0
PG43362,Riddle of the Storm: A Mystery Story for Boys,"Snell, Roy J. (Roy Judson)",14,"{'Mines and mineral resources -- Juvenile fiction', 'Mystery and detective stories', 'Aircraft theft -- Juvenile fiction'}",1878.0,1959.0,1918.0
PG59223,"Flower and Jewel; or, Daisy Forrest's Daughter","Miller, Alex. McVeigh, Mrs.",10,"{'Gothic fiction', 'Mothers and daughters -- Fiction', 'Sisters -- Fiction'}",1850.0,1937.0,1894.0
PG62479,"Buffalo Bill Entrapped; or, A Close Call","Ingraham, Prentiss",22,"{'Dime novels', 'Buffalo Bill, 1846-1917 -- Fiction'}",1843.0,1904.0,1874.0
PG508,Twice-Told Tales,"Hawthorne, Nathaniel",60,"{'Short stories', 'New England -- Social life and customs -- Fiction', 'Historical fiction, American'}",1804.0,1864.0,1834.0
PG63779,The Blue Venus,"McDowell, Robert Emmett",32,"{'Outlaws -- Fiction', 'Venus (Planet) -- Fiction', 'Slaves -- Fiction', 'Experiments -- Fiction', 'Science fiction'}",1914.0,1975.0,1944.0
PG59529,All But Lost: A Novel. Vol. 3 of 3,"Henty, G. A. (George Alfred)",13,{'Fiction'},1832.0,1902.0,1867.0
PG20357,Jerry,"Webster, Jean",8,"{'Love stories', 'Americans -- Italy -- Fiction'}",1876.0,1916.0,1896.0
PG14740,The Princess Passes,"Williamson, C. N. (Charles Norris)",46,{'Automobiles -- Fiction'},1859.0,1920.0,1890.0
PG5110,The Adventures of Jerry Muskrat,"Burgess, Thornton W. (Thornton Waldo)",67,"{'Muskrat -- Juvenile fiction', 'Animals -- Juvenile fiction'}",1874.0,1965.0,1920.0
PG23263,The Fugitives: The Tyrant Queen of Madagascar,"Ballantyne, R. M. (Robert Michael)",17,"{'Fugitives from justice -- Juvenile fiction', 'Madagascar -- History -- Juvenile fiction', 'Adventure and adventurers -- Juvenile fiction', 'Queens -- Juvenile fiction'}",1825.0,1894.0,1860.0
PG2155,Phyllis of Philistia,"Moore, Frank Frankfort",36,{'Fiction'},1855.0,1931.0,1893.0
PG53015,A Guest of Ganymede,"MacApp, C. C.",24,"{'Thieves -- Fiction', 'Science fiction', 'Human-alien encounters -- Fiction'}",1917.0,1971.0,1944.0
PG22328,"Oh, You Tex!","Raine, William MacLeod",24,"{'Western stories', 'Texas -- Fiction'}",1871.0,1954.0,1912.0
PG23012,Elder Conklin,"Harris, Frank",10,{'Fiction'},1856.0,1931.0,1894.0
PG4082,The Barrier,"Beach, Rex",30,"{'Western stories', 'Adventure stories', 'Yukon -- Fiction'}",1877.0,1949.0,1913.0
PG65877,Destiny Uncertain,"Phillips, Rog",59,"{'Predestination -- Fiction', 'Man-woman relationships -- Fiction', 'Science fiction'}",1909.0,1965.0,1937.0
PG26528,Odd Numbers: Being Further Chronicles of Shorty McCabe,"Ford, Sewell",17,"{'New York (N.Y.) -- Fiction', 'Humorous stories, American'}",1868.0,1946.0,1907.0
PG1465,The Wreck of the Golden Mary,"Dickens, Charles",73,"{'Gold mines and mining -- Fiction', 'Sea stories', 'Shipwrecks -- Fiction'}",1812.0,1870.0,1841.0
PG9112,The Dare Boys of 1776,"Cox, Stephen Angus Douglas",41,"{'Spy stories', 'United States -- History -- Revolution, 1775-1783 -- Juvenile fiction', 'Teenage boys -- Juvenile fiction'}",1863.0,1944.0,1904.0
PG25151,Slow and Sure: The Story of Paul Hoffman the Young Street-Merchant,"Alger, Horatio, Jr.",40,"{'New York (N.Y.) -- Juvenile fiction', 'Boys -- Conduct of life -- Juvenile fiction'}",1832.0,1899.0,1866.0
PG42209,The Devil in Iron,"Howard, Robert E. (Robert Ervin)",110,"{'Conan (Fictitious character) -- Fiction', 'Fantasy fiction, American'}",1906.0,1936.0,1921.0
PG27284,"The Talking Horse, and Other Tales","Anstey, F.",43,"{'English fiction -- 19th century', 'Short stories, English'}",1856.0,1934.0,1895.0
PG34819,The Village Notary: A Romance of Hungarian Life,"Eötvös, József, báró",16,{'Hungary -- Fiction'},1813.0,1871.0,1842.0
PG17089,The Tale of Mrs. Tittlemouse,"Potter, Beatrix",201,{'Mice -- Juvenile fiction'},1866.0,1943.0,1904.0
PG23630,The Phantoms Of The Foot-Bridge: 1895,"Murfree, Mary Noailles",7,{'Fiction'},1850.0,1922.0,1886.0
PG58866,The Murder on the Links,"Christie, Agatha",2132,"{'Poirot, Hercule (Fictitious character) -- Fiction', 'Detective and mystery stories', 'Private investigators -- England -- Fiction'}",1890.0,1976.0,1933.0
PG53821,"Julius, the Street Boy; or, Out West","Alger, Horatio, Jr.",19,"{'Young men -- Conduct of life -- Juvenile fiction', 'Bildungsromans', 'Success -- Juvenile fiction', 'Conduct of life -- Juvenile fiction', 'Wisconsin -- Juvenile fiction', 'Homeless boys -- Juvenile fiction', 'Fortune -- Juvenile fiction'}",1832.0,1899.0,1866.0
PG62589,"Molly, the Drummer Boy: A Story of the Revolution","Comstock, Harriet T. (Harriet Theresa)",5,"{'United States -- History -- Revolution, 1775-1783 -- Juvenile fiction'}",1860.0,1943.0,1902.0
PG39443,Mrs. Balfame: A Novel,"Atherton, Gertrude Franklin Horn",32,"{'United States -- Social life and customs -- 20th century -- Fiction', 'Mystery fiction', 'Murder -- Fiction'}",1857.0,1948.0,1902.0
PG34531,"The Pilgrim's Shell; Or, Fergan the Quarryman: A Tale from the Feudal Times","Sue, Eugène",35,{'Feudalism -- France -- Fiction'},1804.0,1857.0,1830.0
PG14331,Judith of the Godless Valley,"Morrow, Honoré",7,{'United States -- Social life and customs -- Fiction'},1880.0,1940.0,1910.0
PG39666,When It Was Dark: The Story of a Great Conspiracy,"Thorne, Guy",60,"{'England -- Fiction', 'Conspiracies -- Fiction', 'Christian fiction'}",1875.0,1923.0,1899.0
PG42535,The Tiger-Slayer: A Tale of the Indian Desert,"Aimard, Gustave",13,"{'Frontier and pioneer life -- Fiction', 'Adventure stories', 'Mexico -- Fiction', 'Indians of North America -- Fiction'}",1818.0,1883.0,1850.0
PG1432,Seraphita,"Balzac, Honoré de",74,"{'France -- Social life and customs -- 19th century -- Fiction', 'French fiction -- Translations into English'}",1799.0,1850.0,1824.0
PG35207,The Courier of the Ozarks,"Dunn, Byron A. (Byron Archibald)",62,"{'Missouri -- History -- Civil War, 1861-1865 -- Juvenile fiction'}",1842.0,1926.0,1884.0
PG12414,The Inferno,"Barbusse, Henri",90,"{'France -- Fiction', 'Voyeurism -- Fiction'}",1873.0,1935.0,1904.0
PG13774,Rosa Mundi and Other Stories,"Dell, Ethel M. (Ethel May)",16,"{'Manners and customs -- Fiction', 'Short stories, English'}",1881.0,1939.0,1910.0
PG1182,Dope,"Rohmer, Sax",135,"{'Drug traffic -- Fiction', 'Detective and mystery stories'}",1883.0,1959.0,1921.0
PG18665,Molly Make-Believe,"Abbott, Eleanor Hallowell",51,"{'Mate selection -- Fiction', 'Invalids -- Fiction', 'Man-woman relationships -- Fiction', 'Letter writing -- Fiction'}",1872.0,1958.0,1915.0
PG45545,The Staying Guest,"Wells, Carolyn",47,"{'Girls -- Juvenile fiction', 'Families -- Juvenile fiction', 'Orphans -- Juvenile fiction', 'Aunts -- Juvenile fiction'}",1862.0,1942.0,1902.0
PG61696,Martian Terror,"Repp, Ed Earl",15,"{'Science fiction', 'Revolutions -- Fiction', 'Venus (Planet) -- Fiction'}",1900.0,1979.0,1940.0
PG30093,The Shepherd of the North,"Maher, Richard Aumerle",4,"{'Frontier and pioneer life -- Fiction', 'Priests -- Fiction'}",1880.0,1959.0,1920.0
PG1285,"The Water Goats, and Other Troubles","Butler, Ellis Parker",20,"{'Short stories, American', 'Fiction', 'Humorous stories'}",1869.0,1937.0,1903.0
PG40410,"Dickens and His Illustrators: Cruikshank, Seymour, Buss, ""Phiz,"" Cattermole, Leech, Doyle, Stanfield, Maclise, Tenniel, Frank Stone, Landseer, Palmer, Topham, Marcus Stone, and Luke Fildes; 2nd. Ed.","Kitton, Frederic George",46,"{'Illustration of books, Victorian -- Great Britain', 'Illustration of books -- Great Britain -- 19th century', 'Dickens, Charles, 1812-1870 -- Illustrations', 'Illustrators -- Great Britain', 'English fiction -- Illustrations'}",1856.0,1904.0,1880.0
PG60528,The Owls' House,"Garstin, Crosbie",14,{'Cornwall (England : County) -- Fiction'},1887.0,1930.0,1908.0
PG38570,When a Cobbler Ruled the King,"Seaman, Augusta Huiell",15,"{'Louis XVII, of France, 1785-1795 -- Fiction'}",1879.0,1950.0,1914.0
PG46262,Pilgrim Sorrow: A Cycle of Tales,"Sylva, Carmen",20,"{'Short stories', 'Fiction'}",1843.0,1916.0,1880.0
PG6297,"Carnac's Folly, Volume 2.","Parker, Gilbert",4,{'Fiction'},1862.0,1932.0,1897.0
PG4444,The Adventures of Harry Richmond — Volume 1,"Meredith, George",7,{'Adventure and adventurers -- Fiction'},1828.0,1909.0,1868.0
PG15565,Sir John Constantine: Memoirs of His Adventures At Home and Abroad and Particularly in the Island of Corsica: Beginning with the Year 1756,"Quiller-Couch, Arthur",6,{'Corsica (France) -- Fiction'},1863.0,1944.0,1904.0
PG14480,"Twenty-six and One, and Other Stories","Gorky, Maksim",53,"{'Short stories, Russian -- Translations into English', 'Russia -- Social life and customs -- Fiction'}",1868.0,1936.0,1902.0
PG13522,Superseded,"Sinclair, May",15,"{'Single women -- Fiction', 'Teachers -- Fiction'}",1863.0,1946.0,1904.0
PG56036,Inside the Lines,"Ritchie, Robert Welles",27,"{'Spy stories', 'World War, 1914-1918 -- Fiction'}",1879.0,1942.0,1910.0
PG1484,The Four Horsemen of the Apocalypse,"Blasco Ibáñez, Vicente",137,"{'World War, 1914-1918 -- Fiction', 'War stories'}",1867.0,1928.0,1898.0
PG43756,"Tales of My Time, Vol. 1 (of 3): Who Is She?","Scargill, William Pitt",10,{'England -- Social life and customs -- 19th century -- Fiction'},1787.0,1836.0,1812.0
PG41418,"Contraband; Or, A Losing Hazard","Whyte-Melville, G. J. (George John)",8,{'England -- Social life and customs -- 19th century -- Fiction'},1821.0,1878.0,1850.0
PG35474,The Shepherd's Calendar. Volume I (of II),"Hogg, James",36,"{'Rural poor -- Fiction', 'Shepherds -- Fiction', 'Country life -- Fiction', 'Pastoral fiction', 'Scotland -- Social life and customs -- Fiction'}",1770.0,1835.0,1802.0
PG50678,"Snug Harbor; or, The Champlain Mechanics","Optic, Oliver",7,{'Carpenters -- Juvenile fiction'},1822.0,1897.0,1860.0
PG23146,And All the Earth a Grave,"MacApp, C. C.",46,"{'Short stories', 'Science fiction'}",1917.0,1971.0,1944.0
PG18883,The Four Feathers,"Mason, A. E. W. (Alfred Edward Woodley)",63,"{'Sudan -- Fiction', 'Soldiers -- Fiction', 'Male friendship -- Fiction', 'Love stories', 'Cowardice -- Fiction', 'Adventure stories', 'British -- Sudan -- Fiction', 'War stories'}",1865.0,1948.0,1906.0
PG38293,The Joy of Captain Ribot,"Palacio Valdés, Armando",6,{'Spanish fiction -- Translations into English'},1853.0,1938.0,1896.0
PG11436,"Stories by American Authors, Volume 1","Taylor, Bayard",13,"{'Short stories, American', 'United States -- Social life and customs -- Fiction'}",1825.0,1878.0,1852.0
PG3336,Within an Inch of His Life,"Gaboriau, Emile",32,"{'Fires -- Fiction', 'Detective and mystery stories', 'Paris (France) -- Fiction', 'Arsonists -- Fiction'}",1832.0,1873.0,1852.0
PG20649,Oomphel in the Sky,"Piper, H. Beam",40,{'Science fiction'},1904.0,1964.0,1934.0
PG7508,A Mummer's Wife,"Moore, George",16,"{'Married people -- Fiction', 'Actors -- Fiction', 'Adultery -- Fiction', 'Staffordshire (England) -- Fiction'}",1852.0,1933.0,1892.0
PG26732,Free Air,"Lewis, Sinclair",54,{'Women automobile drivers -- Fiction'},1885.0,1951.0,1918.0
PG24544,"Desk and Debit; or, The Catastrophes of a Clerk","Optic, Oliver",11,"{'Fraud -- Juvenile fiction', 'Conduct of life -- Juvenile fiction', 'Christian life -- Juvenile fiction', 'Sailing -- Juvenile fiction'}",1822.0,1897.0,1860.0
PG1288,Dream Days,"Grahame, Kenneth",43,"{'England -- Fiction', 'Country life -- Fiction', 'Brothers and sisters -- Fiction'}",1859.0,1932.0,1896.0
PG1603,The Blue Flower,"Van Dyke, Henry",20,"{'Short stories', 'Fiction'}",1852.0,1933.0,1892.0
PG58285,Girls of '64,"Knipe, Emilie Benson",7,"{'United States -- History -- Civil War, 1861-1865 -- Fiction'}",1870.0,1958.0,1914.0
PG3993,Madame Chrysantheme — Volume 3,"Loti, Pierre",3,{'Japan -- Fiction'},1850.0,1923.0,1886.0
PG10988,The Devil's Admiral,"Moore, Frederick F. (Frederick Ferdinand)",83,"{'Journalists -- Fiction', 'Adventure stories', 'Sea stories', 'Pirates -- Fiction'}",1877.0,1956.0,1916.0
PG3451,Marie Antoinette and Her Son,"Mühlbach, L. (Luise)",29,"{'Louis XVII, of France, 1785-1795 -- Fiction', 'Marie Antoinette, Queen, consort of Louis XVI, King of France, 1755-1793 -- Fiction', 'Historical fiction'}",1814.0,1873.0,1844.0
PG42109,The Dull Miss Archinard,"Sedgwick, Anne Douglas",13,"{'Man-woman relationships -- Fiction', 'Families -- Fiction', 'Sisters -- Fiction'}",1873.0,1935.0,1904.0
PG3090,Complete Original Short Stories of Guy De Maupassant,"Maupassant, Guy de",4211,"{'French fiction -- Translations into English', 'Short stories, French -- Translations into English'}",1850.0,1893.0,1872.0
PG34365,Held for Orders: Being Stories of Railroad Life,"Spearman, Frank H. (Frank Hamilton)",14,"{'Railroad stories', 'Short stories, American', 'Fiction'}",1859.0,1937.0,1898.0
PG41817,"John Marvel, Assistant","Page, Thomas Nelson",37,{'Fiction'},1853.0,1922.0,1888.0
PG65438,The Moon Maker,"Train, Arthur Cheney",19,{'Science fiction'},1875.0,1945.0,1910.0
PG62040,Monster of the Asteroid,"Cummings, Ray",16,"{'Asteroids -- Fiction', 'Science fiction', 'Inventors -- Fiction', 'Human-alien encounters -- Fiction'}",1887.0,1957.0,1922.0
PG55868,Lady William,"Oliphant, Mrs. (Margaret)",12,"{'England -- Social life and customs -- Fiction', 'Villages -- Fiction'}",1828.0,1897.0,1862.0
PG57799,The House of Arden: A Story for Children,"Nesbit, E. (Edith)",42,"{'Magic -- Juvenile fiction', 'Time travel -- Juvenile fiction', 'Brothers and sisters -- Juvenile fiction', 'Treasure troves -- Juvenile fiction', 'Great Britain -- History -- Edward VII, 1901-1910 -- Juvenile fiction'}",1858.0,1924.0,1891.0
PG4624,"Off-Hand Sketches, a Little Dashed with Humor","Arthur, T. S. (Timothy Shay)",14,"{'Short stories', 'Fiction'}",1809.0,1885.0,1847.0
PG23144,The War Trail: The Hunt of the Wild Horse,"Reid, Mayne",37,"{'Wild horses -- Juvenile fiction', 'Indians of North America -- Juvenile fiction'}",1818.0,1883.0,1850.0
PG59198,The Seven Conundrums,"Oppenheim, E. Phillips (Edward Phillips)",26,"{'English fiction -- 20th century', 'Detective and mystery stories, English'}",1866.0,1946.0,1906.0
PG12616,Around Old Bethany: A Story of the Adventures of Robert and Mary Davis,"Berry, R. L. (Robert Lee)",9,"{'Church of God (Anderson, Ind.) -- Fiction', 'Christian fiction'}",1874.0,1952.0,1913.0
PG64644,The Outcasts of Solar III,"McDowell, Robert Emmett",16,"{'Adventure stories', 'Science fiction'}",1914.0,1975.0,1944.0
PG10220,Daddy Takes Us Skating,"Garis, Howard Roger",10,"{'Winter -- Juvenile fiction', 'Fathers -- Juvenile fiction', 'Skating -- Juvenile fiction'}",1873.0,1962.0,1918.0
PG22549,Space Prison,"Godwin, Tom",101,{'Science fiction'},1915.0,1980.0,1948.0
PG4293,"Neal, the Miller: A Son of Liberty","Otis, James",3,"{'Horses -- Juvenile fiction', 'Millers -- Juvenile fiction', 'Adventure and adventurers -- Juvenile fiction', 'Conduct of life -- Juvenile fiction', 'Voyages and travels -- Juvenile fiction', 'Indians of North America -- Juvenile fiction', 'United States -- History -- Colonial period, ca. 1600-1775 -- Juvenile fiction'}",1848.0,1912.0,1880.0
PG66545,The Heir of Mondolfo,"Shelley, Mary Wollstonecraft",804,"{'Social classes -- Fiction', 'Fathers and sons -- Fiction', 'Naples (Kingdom) -- Fiction', 'Husband and wife -- Fiction'}",1797.0,1851.0,1824.0
PG17434,The Thin Red Line; and Blue Blood,"Griffiths, Arthur",21,{'Fiction'},1838.0,1908.0,1873.0
PG27239,Little Downy: The History of a Field-Mouse,"Traill, Catharine Parr Strickland",27,{'Mice -- Juvenile fiction'},1802.0,1899.0,1850.0
PG37975,"Diana Tempest, Volume III","Cholmondeley, Mary",10,{'Families -- Fiction'},1859.0,1925.0,1892.0
PG6384,That Printer of Udell's: A Story of the Middle West,"Wright, Harold Bell",20,"{'Printers -- Fiction', 'Middle West -- Fiction', 'Christian fiction', 'Young men -- Fiction'}",1872.0,1944.0,1908.0
PG34430,Nelly's Silver Mine: A Story of Colorado Life,"Jackson, Helen Hunt",36,{'Colorado -- History -- To 1876 -- Juvenile fiction'},1830.0,1885.0,1858.0
PG13261,Jason: A Romance,"Forman, Justus Miles",5,"{'Missing persons -- Fiction', 'Love stories', 'Paris (France) -- Fiction'}",1875.0,1915.0,1895.0
PG55389,Niels Lyhne,"Jacobsen, J. P. (Jens Peter)",96,"{'Danish fiction -- Translations into English', 'Denmark -- Fiction'}",1847.0,1885.0,1866.0
PG6148,Narrative and Miscellaneous Papers,"De Quincey, Thomas",56,"{'English essays', 'English fiction'}",1785.0,1859.0,1822.0
PG2701,"Moby Dick; Or, The Whale","Melville, Herman",23163,"{'Ahab, Captain (Fictitious character) -- Fiction', 'Whaling -- Fiction', 'Sea stories', 'Ship captains -- Fiction', 'Psychological fiction', 'Whales -- Fiction', 'Mentally ill -- Fiction', 'Adventure stories', 'Whaling ships -- Fiction'}",1819.0,1891.0,1855.0
PG11171,"Uncle Tom's Cabin, Young Folks' Edition","Stowe, Harriet Beecher",73,"{'Slavery -- Fiction', 'African Americans -- Fiction', 'Southern States -- Fiction', 'Plantation life -- Fiction', 'Political fiction', 'Didactic fiction', 'Slaves -- Fiction', 'Fugitive slaves -- Fiction', 'Uncle Tom (Fictitious character) -- Fiction', 'Master and servant -- Fiction'}",1811.0,1896.0,1854.0
PG12520,Deadham Hard: A Romance,"Malet, Lucas",11,{'Fiction'},1852.0,1931.0,1892.0
PG28688,The Silver Maple,"MacGregor, Mary Esther Miller",8,"{'Canada, Northern -- Fiction'}",1876.0,1961.0,1918.0
PG58462,The Story of Valentine and His Brother,"Oliphant, Mrs. (Margaret)",33,{'Brothers -- Fiction'},1828.0,1897.0,1862.0
PG1696,The Club of Queer Trades,"Chesterton, G. K. (Gilbert Keith)",177,"{'Private investigators -- England -- London -- Fiction', 'Detective and mystery stories, English'}",1874.0,1936.0,1905.0
PG26828,A Red Wallflower,"Warner, Susan",8,{'Fiction'},1819.0,1885.0,1852.0
PG5601,Jan of the Windmill: A Story of the Plains,"Ewing, Juliana Horatia",23,"{'Country life -- England -- Juvenile fiction', 'Boys -- Juvenile fiction'}",1841.0,1885.0,1863.0
PG4270,Ragged Lady — Complete,"Howells, William Dean",6,"{'Young women -- Fiction', 'Americans -- Italy -- Fiction', 'New England -- Fiction'}",1837.0,1920.0,1878.0
PG57836,Jinny the Carrier,"Zangwill, Israel",14,{'England -- Fiction'},1864.0,1926.0,1895.0
PG30826,Gold,"White, Stewart Edward",25,"{'Gold mines and mining -- Fiction', 'Western stories', 'California -- Fiction'}",1873.0,1946.0,1910.0
PG48112,The Green Goddess,"Miln, Louise Jordan",23,"{'Triangles (Interpersonal relations) -- Fiction', 'British -- Foreign countries -- Fiction', 'Imaginary places -- Asia, Central -- Fiction', 'Aircraft accidents -- Fiction'}",1864.0,1933.0,1898.0
PG19477,The Young Trailers: A Story of Early Kentucky,"Altsheler, Joseph A. (Joseph Alexander)",30,{'Kentucky -- History -- To 1792 -- Juvenile fiction'},1862.0,1919.0,1890.0
PG45719,Arundel,"Benson, E. F. (Edward Frederic)",11,"{'Man-woman relationships -- Fiction', 'England -- Social life and customs -- 20th century -- Fiction', 'Triangles (Interpersonal relations) -- Fiction', 'Suburbs -- England -- London -- Fiction', 'Suburban life -- Fiction', 'Families -- Fiction', 'British -- India -- Fiction'}",1867.0,1940.0,1904.0
PG11418,The Grafters,"Lynde, Francis",19,"{'Railroads -- Fiction', 'Love stories', 'Political corruption -- West (U.S.) -- Fiction'}",1856.0,1930.0,1893.0
PG46437,The Tragedy of Wild River Valley,"Finley, Martha",11,"{'Brigands and robbers -- Juvenile fiction', 'Youth -- Conduct of life -- Juvenile fiction', 'Brothers and sisters -- Juvenile fiction', 'Family -- Juvenile fiction', 'Theft -- Juvenile fiction', 'Marriage -- Juvenile fiction', 'Conduct of life -- Juvenile fiction', 'Death -- Juvenile fiction', 'Farm life -- Juvenile fiction', 'Youth and death -- Juvenile fiction', 'Envy -- Juvenile fiction', 'Revenge -- Juvenile fiction'}",1828.0,1909.0,1868.0
PG56455,Rebellion,"Patterson, Joseph Medill",12,"{'Married women -- Fiction', 'Divorce -- Fiction', 'Catholics -- Fiction', 'Chicago (Ill.) -- Fiction'}",1879.0,1946.0,1912.0
PG5963,Mr. Bingle,"McCutcheon, George Barr",11,"{'Dickens, Charles, 1812-1870. Christmas carol -- Fiction', 'Christmas stories', 'New York (N.Y.) -- Fiction'}",1866.0,1928.0,1897.0
PG5271,Marjorie's Vacation,"Wells, Carolyn",11,"{""Children's stories"", 'Families -- Juvenile fiction', 'Farm life -- Juvenile fiction', 'Summer -- Juvenile fiction', 'Girls -- Juvenile fiction', 'Grandmothers -- Juvenile fiction'}",1862.0,1942.0,1902.0
PG8196,Under the Skylights,"Fuller, Henry Blake",7,{'United States -- Social life and customs -- 19th century -- Fiction'},1857.0,1929.0,1893.0
PG47128,"Billy Topsail, M.D.: A Tale of Adventure With Doctor Luke of the Labrador","Duncan, Norman",11,"{'Adventure stories', 'Labrador (N.L.) -- Juvenile fiction'}",1871.0,1916.0,1894.0
PG4400,Hira Singh : when India came to fight in Flanders,"Mundy, Talbot",34,"{'World War, 1914-1918 -- Fiction'}",1879.0,1940.0,1910.0
PG2841,The Ivory Child,"Haggard, H. Rider (Henry Rider)",79,"{'Fantasy fiction, English', 'Adventure stories', 'Quatermain, Allan (Fictitious character) -- Fiction'}",1856.0,1925.0,1890.0
PG289,The Wind in the Willows,"Grahame, Kenneth",2334,"{'Friendship -- Fiction', 'River life -- Fiction', 'Animals -- Fiction', 'Fantasy fiction', 'Country life -- Fiction', 'Pastoral fiction', 'England -- Fiction', 'Humorous stories'}",1859.0,1932.0,1896.0
PG19962,Piccaninnies,"Peacocke, Isabel M. (Isabel Maud)",9,"{'Fairies -- Juvenile fiction', 'New Zealand -- Juvenile fiction'}",1881.0,1973.0,1927.0
PG35364,Ethel Morton at Sweetbrier Lodge,"Smith, Mabell S. C. (Mabell Shippie Clarke)",14,"{'Gardening -- Juvenile fiction', 'Concrete -- Juvenile fiction', 'Families -- Juvenile fiction', 'Farm life -- Juvenile fiction', 'Furniture making -- Juvenile fiction'}",1864.0,1942.0,1903.0
PG13803,"Making His Way; Or, Frank Courtney's Struggle Upward","Alger, Horatio, Jr.",19,"{'Children -- Conduct of life -- Juvenile fiction', 'Perseverance (Ethics) -- Juvenile fiction', 'Honesty -- Juvenile fiction', 'Conduct of life -- Juvenile fiction', 'Success -- Juvenile fiction', 'Kindness -- Juvenile fiction'}",1832.0,1899.0,1866.0
PG310,Before Adam,"London, Jack",151,"{'Prehistoric peoples -- Fiction', 'Fantasy fiction', 'Dreams -- Fiction'}",1876.0,1916.0,1896.0
PG3269,"The Autobiography of Mark Rutherford, Edited by his friend Reuben Shapcott","White, William Hale",13,{'Religious fiction'},1831.0,1913.0,1872.0
PG37253,In the Land of the Great Snow Bear: A Tale of Love and Heroism,"Stables, Gordon",11,"{'Arctic regions -- Discovery and exploration -- Juvenile fiction', 'North Atlantic Ocean -- Juvenile fiction', 'Adventure and adventurers -- Juvenile fiction', 'Polar bear -- Juvenile fiction', 'Ocean travel -- Juvenile fiction'}",1840.0,1910.0,1875.0
PG18612,From the Housetops,"McCutcheon, George Barr",10,{'Man-woman relationships -- Fiction'},1866.0,1928.0,1897.0
PG35186,A Round Dozen,"Coolidge, Susan",35,"{'Children -- Conduct of life -- Juvenile fiction', 'Fantasy literature', 'Conduct of life -- Juvenile fiction', ""Children's stories"", 'Christian life -- Juvenile fiction'}",1835.0,1905.0,1870.0
PG3649,The Dwelling Place of Light — Complete,"Churchill, Winston",48,"{'New England -- Social life and customs -- Fiction', 'Textile industry -- Fiction', 'Strikes and lockouts -- Fiction', 'Working class women -- Fiction'}",1871.0,1947.0,1909.0
PG45236,The Camp Fire Girls in Glorious France,"Vandercook, Margaret",15,"{'Camp Fire Girls -- Juvenile fiction', 'Voyages and travels -- Juvenile fiction', 'France -- Description and travel -- Juvenile fiction', 'Paris (France) -- Description and travel -- Juvenile fiction', 'French -- Social life and customs -- Juvenile fiction', 'Young women -- Social life and customs -- Juvenile fiction', 'Adventure stories'}",1876.0,1958.0,1917.0
PG15247,John Henry Smith: A Humorous Romance of Outdoor Life,"Adams, Frederick Upham",7,"{'Outdoor life -- Fiction', 'Humorous stories'}",1859.0,1921.0,1890.0
PG21227,Shenac's Work at Home,"Robertson, Margaret M. (Margaret Murray)",3,"{'Glengarry (Ont.) -- Fiction', 'Scots -- Ontario -- Fiction', 'Women -- Ontario -- Fiction', 'Domestic fiction'}",1821.0,1897.0,1859.0
PG11402,The Sky Line of Spruce,"Marshall, Edison",24,{'British Columbia -- Fiction'},1894.0,1967.0,1930.0
PG53345,"Dan, the Newsboy","Alger, Horatio, Jr.",66,"{'Courage -- Juvenile fiction', 'Bildungsromans', 'Detective and mystery stories', 'New York (N.Y.) -- History -- 1865-1898 -- Juvenile fiction', 'Kidnapping -- Juvenile fiction', 'Youth -- Conduct of life -- Juvenile fiction', 'Success -- Juvenile fiction', 'Fatherless families -- Juvenile fiction', 'Conduct of life -- Juvenile fiction', 'Newspaper vendors -- Juvenile fiction', 'Diligence -- Juvenile fiction', 'Youth and death -- Juvenile fiction', 'Poverty -- Juvenile fiction'}",1832.0,1899.0,1866.0
PG46988,"Mother West Wind ""When"" Stories","Burgess, Thornton W. (Thornton Waldo)",50,"{""Children's stories, American"", 'Animals -- Juvenile fiction'}",1874.0,1965.0,1920.0
PG61969,Prince Dusty: A Story of the Oil Regions,"Munroe, Kirk",8,"{'Oil well drilling -- Juvenile fiction', 'Boys -- Juvenile fiction', 'Petroleum workers -- Juvenile fiction', 'Older African Americans -- Juvenile fiction', 'Children -- Conduct of life -- Juvenile fiction', 'Virginia -- Juvenile fiction', 'Family life -- Juvenile fiction', 'Runaways -- Juvenile fiction', 'Railroad stories'}",1850.0,1930.0,1890.0
PG21614,For the Temple: A Tale of the Fall of Jerusalem,"Henty, G. A. (George Alfred)",182,"{'Soldiers -- Juvenile fiction', 'Conduct of life -- Juvenile fiction', 'Romans -- Juvenile fiction', 'Jews -- Juvenile fiction', 'Temple of Jerusalem (Jerusalem) -- Juvenile fiction', 'War stories'}",1832.0,1902.0,1867.0
PG16115,Red Pepper's Patients: With an Account of Anne Linton's Case in Particular,"Richmond, Grace S. (Grace Smith)",9,{'Physicians -- Fiction'},1866.0,1959.0,1912.0
PG18857,A Journey to the Centre of the Earth,"Verne, Jules",1873,"{'Earth (Planet) -- Core -- Fiction', 'Voyages, Imaginary -- Fiction', 'Adventure stories', 'Science fiction'}",1828.0,1905.0,1866.0
PG53844,The Land of Oz,"Baum, L. Frank (Lyman Frank)",63,"{'Women soldiers -- Juvenile fiction', 'Queens -- Juvenile fiction', 'Practical jokes -- Juvenile fiction', 'Friendship -- Juvenile fiction', 'Magic -- Juvenile fiction', 'Youth -- Conduct of life -- Juvenile fiction', 'Fantasy fiction', 'Conduct of life -- Juvenile fiction', 'Voyages and travels -- Juvenile fiction', 'Oz (Imaginary place) -- Juvenile fiction', 'Kings and rulers -- Juvenile fiction', 'Witches -- Juvenile fiction'}",1856.0,1919.0,1888.0
PG27872,"A History of the French Novel, Vol. 2: To the Close of the 19th Century","Saintsbury, George",40,{'French fiction -- History and criticism'},1845.0,1933.0,1889.0
PG43677,"Whispers at Dawn; Or, The Eye","Snell, Roy J. (Roy Judson)",11,"{'Mystery and detective stories', 'Thieves -- Juvenile fiction', 'Bonds -- Juvenile fiction'}",1878.0,1959.0,1918.0
PG13416,The Darling and Other Stories,"Chekhov, Anton Pavlovich",424,"{'Chekhov, Anton Pavlovich, 1860-1904 -- Translations into English', 'Russia -- Social life and customs -- Fiction'}",1860.0,1904.0,1882.0
PG13532,Kindred of the Dust,"Kyne, Peter B. (Peter Bernard)",16,"{'Washington (State) -- Fiction', 'Love stories', 'Children of the rich -- Fiction', 'Lumber trade -- Fiction'}",1880.0,1957.0,1918.0
PG8444,Cæsar or Nothing,"Baroja, Pío",23,{'Spanish fiction -- Translations into English'},1872.0,1956.0,1914.0
PG40519,The Captain of the Janizaries: A story of the times of Scanderberg and the fall of Constantinople,"Ludlow, James M. (James Meeker)",34,"{'Scanderbeg, 1405?-1468 -- Fiction', 'Sieges -- Fiction', 'Janizaries -- Fiction', 'Istanbul (Turkey) -- History -- Siege, 1453 -- Fiction', 'Historical fiction'}",1841.0,1932.0,1886.0
