;author;title;year;avgsentlen
PG24933;Edgar+Wallace;Knew;1930;19.34013230429989
PG32077;Winston+Marks;Breeder+Reaction;1957;18.31761006289308
PG50194;Frank+Baum;Magic;1898;24.007798960138647
PG44159;William+Scargill;Penelope+Love;1828;33.82079414838036
PG29323;Ames;Sailor+Yarns;1826;43.48284023668639
PG54491;Bunner;More+Short;1886;31.10976253298153
PG58412;Ethel+Eliot;Ariel+Dances;1931;16.35060519515844
PG17308;William+Black;Sunrise;1880;20.927835958813695
PG10778;Walter+Scott;Prose+Marmion;1820;25.337677725118482
PG35620;Mayne+Reid;Osceola+Seminole;1858;20.63101307913988
PG54536;Walter+Eaton;Scouts+Crater;1922;18.590160759248498
PG52632;Percy+Westerman;Third+Officer;1921;20.07897258961089
PG33217;Charles+Lever;Diary+Notes;1848;32.72138047138047
PG1649;Honoré+Balzac;Ferragus+Chief;1834;25.1915261565067
PG49985;Howard+Pyle;Story+Jack;1892;21.152706907280646
PG54074;Clarence+Darrow;Blue+Book;1899;29.470134091832588
PG37486;Quincy+Allen;Outdoor+Chums;1911;18.8350394852296
PG2171;George+Eliot;Brother+Jacob;1860;35.83220338983051
PG36867;Mark+Clifton;Progress+Report;1944;16.107296137339056
PG59285;Winston+Marks;Until+Life;1957;14.343137254901961
PG26778;John+Goldfrap;Ocean+Wireless;1908;17.31848367459878
PG2276;James+Hogg;Private+Memoirs;1812;33.20644354081952
PG26485;George+Chester;Making+Bobby;1906;22.395860525825096
PG50923;Don+Wilcox;Serpent+River;1936;13.454545454545455
PG25780;Ray+Cummings;Fire+People;1932;18.575101778444395
PG40621;Madeline+Brandeis;Little+Tony;1934;11.785313901345292
PG1257;Alexandre+Dumas;Three+Musketeers;1846;20.525323988362867
PG7423;Wodehouse;Mike;1938;15.80524906266738
PG56373;Pierce+Egan;Flower+Flock;1820;26.324946466809422
PG21476;William+Kingston;Salt+Water;1857;28.14891089108911
PG35291;Robinson;Mattie+Stray;1864;24.10013046314416
PG19458;Mrs+West;Loyalists+Historical;1812;37.60847628657921
PG35528;Harry+Collingwood;Secret+Sands;1878;42.88602150537634
PG46697;Jane+Porter;Pastor+Fire;1817;29.35234590616375
PG28780;George+Worts;Peter+Brazen;1918;17.17920021837041
PG32560;Charles+Lever;Gerald+Fitzgerald;1861;27.359845674432407
PG43245;William+Howitt;Luke+Barnicott;1800;30.56286549707602
PG46045;Clair+Hayes;Allies+North;1912;16.57164068299926
PG29725;Mary+Sherwood;Fairchild+Family;1818;31.5625
PG22527;Ray+Cummings;Beyond+Vanishing;1932;12.64943896633798
PG23269;William+Kingston;Heir+Kilfinnan;1857;27.224237190558433
PG2601;Charlotte+Yonge;Heartsease+Brother;1854;21.685813872429417
PG29038;Roman+Starzl;Orbit+Saturn;1948;17.903089887640448
PG33803;Eugène+Sue;Mysteries+Paris;1844;22.689852150537636
PG19706;Sax+Rohmer;Brood+Witch;1900;19.409302325581397
PG2193;Bret+Harte;Ward+Golden;1889;24.595638867635806
PG46637;Jane+Porter;Pastor+Fire;1817;30.06781654253234
PG65933;Tuttle;Wool;1936;16.405913978494624
PG40853;Frederick+Wallace;Viking+Blood;1932;22.3486544415337
PG2554;Fyodor+Dostoyevsky;Crime+Punishment;1861;18.8782323830766
PG52255;Mildred+Wirt;Brownie+Scouts;1949;13.631258644536652
PG12839;Lewis+Theiss;Young+Wireless;1920;16.781517843228922
PG16125;Rebecca+West;Judge;1948;24.99844204403822
PG22838;Mary+Mitford;Country+Lodgings;1800;37.175
PG36353;Paul+Jean;Invisible+Lodge;1804;45.125855962219596
PG32070;der+Velde;Specimens+German;1812;24.2392
PG11882;Rider+Haggard;Colonel+Quaritch;1888;25.359646302250805
PG6106;Henry+Canby;Definitions+Essays;1922;28.405696202531647
PG30028;Maynard+Barbour;Award+Justice;1897;34.25722608111136
PG36823;Josephine+Chase;Marjorie+Dean;1818;15.650912778904665
PG51240;Joseph+Samachson;Addicts;1953;16.89788732394366
PG38567;Louisa+Alcott;Eight+Cousins;1870;28.77974087161366
PG29468;Arvid+Paulson;Story+Quixote;1922;35.945726762320646
PG17351;Cheney;Rivals+Acadia;1827;36.39663461538461
PG42491;Robert+Williams;Lady+Eureka;1840;31.251101321585903
PG57976;Cornelia+Meigs;Island+Appledore;1938;26.207322872087495
PG40674;George+Fenn;Sawn+Tale;1891;18.181974248927038
PG44176;Velma+Melville;White+Dandy;1898;23.96644880174292
PG65896;Dwight+Swain;Many+Worlds;1946;12.987515605493133
PG3948;Alfred+Vigny;Cinq+Mars;1829;29.053827751196174
PG5757;Amelia+Barr;Maid+Maiden;1886;20.50948562487776
PG21830;Lillian+Shearon;Little+Mixer;1922;18.539473684210527
PG32288;Rutherford+Montgomery;Yankee+Flier;1950;13.815325248070563
PG34104;Paul+Heyse;Four+Phases;1857;22.065478355765734
PG44254;James;Richelieu+Tale;1800;35.14416567104739
PG40159;Madame+Panache;Manners+Novel;1817;42.3125
PG24683;Annie+Carr;Sherwood+Palm;1921;18.90105030403538
PG21478;William+Kingston;Snow+Shoes;1876;27.522308546059932
PG36325;Josephine+Chase;Marjorie+Dean;1818;17.32894736842105
PG20551;Ray+Cummings;White+Invaders;1932;15.307357738310982
PG24268;Mayne+Reid;Desert+Home;1852;27.331994645247658
PG7634;Edward+Lytton;Disowned;1829;28.815533980582526
PG7609;Edward+Lytton;Eugene+Aram;1832;28.03415559772296
PG44337;William+Simms;Lily+Totem;1850;26.871168437025798
PG52375;William+Scargill;Blue+Stocking;1827;42.91929242675511
PG35141;John+Trevena;Plowshare+Sword;1890;21.040356298854753
PG18336;Charles+Buck;Lighted+Match;1928;18.86237288135593
PG56891;Friedrich+Strauss;Helon+Pilgrimage;1824;21.53743831795752
PG14278;Gerald+Breckenridge;Radio+Boys;1922;17.55686274509804
PG30773;Joseph+Samachson;Dead+Planet;1953;14.192477876106194
PG113;Frances+Burnett;Secret+Garden;1896;17.544976155237624
PG39207;James+Cooper;Tales+Fifteen;1830;32.28519637462236
PG11257;Sophie+May;Little+Folks;1880;18.450259067357514
PG49372;Victor+Hugo;Ninety+Three;1854;19.76529636711281
PG47338;Mrs+Alexander;Kate+Vernon;1854;32.19956379498364
PG46262;Carmen+Sylva;Pilgrim+Sorrow;1884;21.372180451127818
PG36164;Paul+Jean;Flower+Fruit;1804;41.5557626146789
PG24151;Frank+Long;Trap;1958;14.773809523809524
PG22194;James+Richardson;Spring+Street;1938;19.178565284706693
PG2048;Washington+Irving;Sketch+Book;1831;37.13257222739981
PG34681;Edward+Ellis;Frontier+Angel;1888;20.4763202725724
PG45022;Horatio+Alger;Bernard+Brooks;1876;14.11652078774617
PG23339;Everett+Cole;Indirection;1958;16.979094076655052
PG51136;Alan+Cogan;Nothing+Best;1959;16.01780415430267
PG54485;Adam+Seaborn;Symzonia+Voyage;1820;40.106831395348834
PG18158;Mary+Freeman;Butterfly+House;1901;20.591632292280494
PG21617;Anna+Green;That+Affair;1900;23.14204934886909
PG19671;Legh+Richmond;Annals+Poor;1800;26.682726623840114
PG29947;Morris+Hershman;Spacemen+Never;1946;18.738636363636363
PG44888;Charles+Flandrau;Diary+Freshman;1901;30.445685279187817
PG10496;Louis+Vance;Masquerade+Being;1921;24.750355821235413
PG63320;Arthur+Marchmont;When+Czar;1900;16.971620612397313
PG44252;James;Richelieu+Tale;1800;35.17246835443038
PG1654;Bernard+Shaw;Unsocial+Socialist;1930;20.089514497639918
PG50819;Fritz+Leiber;Sales;1943;14.852534562211982
PG31421;Edward+Ellis;Through+Apache;1888;26.12860013395847
PG43065;Eaton+Barrett;Heroine;1814;22.580395256916997
PG45457;Edith+Lavell;Linda+Carlton;1931;16.824721878862793
PG37621;zef+Kraszewski;;1860;17.15957320687611
PG22124;Keyworth;Golden+Shoemaker;1822;22.117573221757322
PG9840;Benjamin+Disraeli;Vivian+Grey;1826;24.026533358969427
PG22215;William+Russell;Frozen+Pirate;1887;32.312890812890814
PG31100;Jane+Austen;Complete+Project;1806;25.625
PG59967;Mrs+Greene;Angels+Wings;1840;24.7765719757421
PG45417;Dorothy+Wayne;Dorothy+Dixon;1933;15.310431856421761
PG2072;Benson;Michael;1914;22.342438703307554
PG18807;Beam+Piper;Walked+Around;1944;30.25862068965517
PG53688;Charles+Maturin;Melmoth+Wanderer;1821;38.58556263269639
PG15241;Carolyn+Verhoeff;About+Johnnie;1907;22.849200304645848
PG5959;Walter+Scott;Peveril+Peak;1823;38.550462351387054
PG46358;Owen+Johnson;Fargus;1925;18.007363353157746
PG4360;Marie+Corelli;Vendetta+Story;1886;21.64682723483094
PG50885;Joseph+Samachson;Weather+Mercury;1953;14.893523600439078
PG1871;Honoré+Balzac;Deputy+Arcis;1834;28.58095899930507
PG4033;Eliza+Follen;Spoke+Next;1834;26.292763157894736
PG24392;Ralph+Williams;Mouse;1946;22.332758620689656
PG9213;Nathaniel+Hawthorne;Seven+Vagabonds;1842;42.55329949238579
PG32440;Robert+Bowen;Dave+Dawson;1943;14.457442258340462
PG64744;Stanley+Mullen;Suicide+Command;1952;12.641653905053598
PG34953;Adolf+Streckfuss;Quicksands;1869;24.247899159663866
PG11520;Ethel+Dell;Obstacle+Race;1921;13.24067956583294
PG60950;Rita+Weiman;Footlights;1932;15.797910924125924
PG20781;Johanna+Spyri;Heidi+Gift;1874;18.12759722962174
PG21579;Frederick+Marryat;Snarleyyow+Fiend;1800;28.061200237670825
PG35294;Amelia+Opie;Wife+Duty;1806;31.08039376538146
PG1971;Samuel+Butler;Erewhon+Revisited;1878;30.492504164353136
PG22835;Mary+Mitford;London+Visitor;1800;43.96103896103896
PG29457;Edwin+Sloat;Loot+Void;1950;17.75314465408805
PG54100;Edna+Lyall;Wayfaring+Novel;1897;24.318033233451377
PG5536;Georg+Ebers;Thorny+Path;1880;27.396205357142858
PG22060;Henty;Young+Franc;1872;24.325713273081693
PG49315;Claire+Duras;Ourika;1824;22.579298831385643
PG33372;Francis+Woodworth;Peddler+Somebody;1851;21.474770642201836
PG29415;Harold+Avery;Soldiers+Queen;1890;21.86543335022808
PG55896;Albertus+Dudley;With+Mask;1906;21.475620975160993
PG23191;William+Kingston;Count+Ulrich;1868;29.334919124643196
PG30732;Clara+Viebig;Mother;1913;19.52473242695979
PG1931;Phillips+Oppenheim;Zeppelin+Passenger;1918;15.620368713083945
PG2694;Herman+Melville;Chimney;1865;30.004
PG23324;Frances+Burnett;Surly+Lancashire;1875;28.67391304347826
PG15895;Mrs+Adams;Allegories+Life;1875;23.716795502459593
PG30761;Winterbotham;Minus+Woman;1948;15.402298850574713
PG11869;Benjamin+Disraeli;Venetia;1837;24.07909864336629
PG1289;Charles+Dickens;Three+Ghost;1851;28.260649087221097
PG40518;Paul+Kock;Bath+Keepers;1842;22.042498279421885
PG37161;Angela+Brazil;Girls+Cyprian;1900;22.562737642585553
PG50886;Marion+Crawford;Katherine+Lauderdale;1880;20.693188667872214
PG7005;Walter+Scott;Antiquary+Complete;1800;36.890799935096545
PG24024;William+Stone;Downs+Life;1828;34.14586160108548
PG39802;Sir+Bashford;Tommy+Wideawake;1930;19.1143006263048
PG44670;Dorothy+Wayne;Dorothy+Dixon;1933;16.335316217908577
PG5497;Georg+Ebers;Homo;1878;35.548231511254016
PG61442;Mrs+Oliphant;House+Divided;1872;22.267291910902696
PG66120;James+Grant;Scottish+Cavalier;1850;31.60727013542409
PG25628;Tom+Godwin;Nothing+Equation;1958;23.14723926380368
PG21556;Frederick+Marryat;Travels+Adventures;1843;36.71691315889268
PG24310;Katherine+Purdon;Candle+Crib;1914;22.074946466809422
PG41718;Robert+Bowen;Dave+Dawson;1943;16.87842731505432
PG22365;Oliver+Optic;Little+Little;1870;21.763378230797233
PG51436;Fritz+Leiber;Bullet+with;1948;22.5409604519774
PG26241;;Antony+Gray;1943;17.472016895459344
PG54867;Friedrich+Strauss;Helon+Pilgrimage;1824;21.754173989455186
PG24911;Walter+Mott;Young+Glory;1944;12.669586983729662
PG4444;George+Meredith;Adventures+Harry;1897;22.135365853658538
PG50259;Robert+Bowen;Dave+Dawson;1943;16.62863765130054
PG13527;Jules+Verne;Ticket+9672;1886;22.85433070866142
PG41212;Matthew+Hartstonge;Hallows+Adelaide;1825;39.83003300330033
PG21464;William+Kingston;Gilpins+their;1857;28.14054054054054
PG7740;Edward+Lytton;Parisians;1872;29.713793103448275
PG9151;Harry+Wilson;Ruggles;1915;22.994672624162227
PG38573;Moberly;Christina;1811;26.343943943943945
PG57844;Alden;Adventures+Jimmy;1885;30.368390804597702
PG51241;Dave+Dryfoos;Bridge+Crossing;1952;15.741784037558686
PG7729;Edward+Lytton;Paul+Clifford;1848;30.416370106761565
PG1680;Honoré+Balzac;Sign+Racket;1834;28.023809523809526
PG53157;John+Powys;Wood+Stone;1915;22.58904852263486
PG25862;Green+Peyton;Chamber+Life;1948;17.45550351288056
PG1357;Honoré+Balzac;Madame+Firmiani;1834;24.7964824120603
PG32632;James+Cooper;Condensed+schools;1830;25.051397655545536
PG31439;Hoffmann;Weird+Tales;1809;33.08421262193908
PG45822;Alexandre+Dumas;Balsamo+Magician;1846;18.65926683218928
PG61466;Maurice+Hewlett;Queen+Quair;1898;19.557574782888388
PG25774;Alan+Sullivan;Rapids;1918;19.832717678100263
PG14813;Maurice+Hewlett;Life+Death;1900;20.346565315315317
PG35474;James+Hogg;Shepherd+Calendar;1829;31.204400694846555
PG17647;Randall+Parrish;Strange+Case;1912;19.75201612903226
PG10816;Alfred+Crowquill;Giant+Hands;1856;29.843065693430656
PG22477;Lawrence;Wintry+Peacock;1922;15.111940298507463
PG42095;Matthew+Hartstonge;Hallows+Adelaide;1825;35.92091007583965
PG28074;Mrs+Hall;Buccaneer+Tale;1832;32.07891770011274
PG6939;Walter+Scott;Mortality;1812;38.682632880098886
PG51018;Leo+Tolstoy;Three+Days;1879;18.437232524964337
PG7477;Lord+Dunsany;Book+Wonder;1928;38.29195088676671
PG18132;Harry+Coghill;Canadian+Heroine;1873;21.703997648442094
PG43975;Frederick+Niven;Lost+Cabin;1908;24.156747489590987
PG36178;Maria+Edgeworth;Little+Trusty;1818;33.36448598130841
PG21344;Edward+Stratemeyer;Young+Bridge;1899;15.351504138905714
PG40997;William+Queux;Forgive+Them;1904;25.133750711439955
PG5566;Georg+Ebers;Barbara+Blomberg;1880;33.96546762589928
PG29303;Joe+Archibald;Operation+Earthworm;1955;17.819905213270143
PG13191;Joseph+Méry;Cross+Berny;1842;26.09340425531915
PG25344;Nathaniel+Hawthorne;Scarlet+Letter;1844;30.264476614699333
PG17260;Mary+Holmes;Tempest+Sunshine;1854;25.939574141569153
PG59529;Henty;Lost+Novel;1869;21.532478632478632
PG1194;Louis+Rougemont;Adventures+Louis;1899;32.09307576517812
PG29916;Cosío+Trueba;Gómez+Arias;1828;28.598986545518084
PG47591;Mrs+Oliphant;Ladies+Lindores;1880;24.205617382087972
PG48068;George+England;Cursed;1916;15.96727531420441
PG31948;Robert+Williams;Thompson;1952;14.117647058823529
PG1710;Honoré+Balzac;Grande+Breteche;1834;25.982885085574573
PG32890;Stephen+Marlowe;Home+Where;1942;13.840354767184035
PG3977;Alphonse+Daudet;Fromont+Risler;1894;25.095611285266457
PG31820;Hoffmann;Serapion+Brethren;1809;29.826143790849674
PG4966;Walter+Scott;Waverley+Sixty;1814;36.24787159804606
PG13982;James+Cooper;Storekeeper+Story;1898;16.89990006662225
PG18945;Frances+Burnett;Robin;1896;18.41027506913113
PG58320;Mrs+Oliphant;Three+Brothers;1869;24.08025106478368
PG48124;Willard+Baker;Dexter+Storm;1835;17.247948951686418
PG41458;William+Queux;Triangle+Romance;1922;21.177160080375085
PG62057;Prentiss+Ingraham;Buffalo+Bill;1884;22.740874363327674
PG23246;Temple+Bailey;Mistress+Anne;1898;15.957942597328787
PG65227;Mrs+Oliphant;John+Love;1870;24.09286354135563
PG7709;Edward+Lytton;Novel;1848;23.684177215189873
PG7659;Edward+Lytton;What+Will;1850;22.571428571428573
PG7927;Honoré+Balzac;Celibates;1834;26.588665853388044
PG9182;Charlotte+Brontë;Villette;1846;25.670669975186104
PG11757;Margery+Bianco;Velveteen+Rabbit;1922;21.621399176954732
PG469;Honoré+Balzac;Duchesse+Langeais;1834;25.20186113099499
PG7387;Charlotte+Yonge;Grisly+Grisell;1893;28.355594405594406
PG3479;Abraham+Merritt;Metal+Monster;1924;18.213371505557426
PG50309;Robert+Bowen;Dave+Dawson;1943;15.78887573964497
PG1063;Edgar+Poe;Cask+Amontillado;1839;14.254310344827585
PG7105;Mark+Twain;Adventures+Huckleberry;1882;24.82904884318766
PG49650;James;Arrah+Neil;1800;33.04545454545455
PG4979;Thornton+Burgess;Blacky+Crow;1922;18.814106789716547
PG26599;Linn+Porter;Black+Adonis;1894;18.17704011065007
PG21558;Frederick+Marryat;Children+Forest;1830;27.25975193241057
PG58355;Eden+Phillpotts;Three+Brothers;1900;18.905861279729326
PG52842;Robert+Chambers;Japonette;1895;18.384035197988688
PG17180;Mary+Hanshew;Riddle+Frozen;1917;19.0741067490075
PG10720;Émile+Zola;Doctor+Pascal;1894;24.805999347896968
PG35197;Mayne+Reid;Bandolero+Marriage;1860;20.314864144912093
PG30537;Ruth+Thompson;Royal+Book;1944;16.62935465448315
PG18498;Laurence+Housman;King+John;1937;23.778478162989643
PG21705;Ballantyne;Track+Troops;1855;26.981325863678805
PG2825;Fouqué+Motte;Undine;1800;33.09842519685039
PG14711;Clair+Hayes;Allies+Under;1942;15.259636206149848
PG47771;James+Payn;Mirk+Abbey;1866;30.172506738544474
PG40594;Montrésor;Into+Highways;1800;21.065747985519092
PG5744;Émile+Zola;Thin;1888;26.014839491217444
PG21477;William+Kingston;Mark+Seaworth;1857;30.162512664640325
PG7682;Edward+Lytton;Harold+Last;1848;30.1974358974359
PG40158;Madame+Panache;Manners+Novel;1817;42.893740902474526
PG32444;der+Velde;Tales+from;1812;22.897087378640776
PG27202;George+Reynolds;Wagner+Wehr;1856;32.59943296881328
PG57415;Speight;Mysteries+Heron;1880;20.24124830393487
PG50325;James;Castle+Ehrenstein;1800;34.118899882609426
PG59201;Emerson+Hough;North;1900;16.3045419888901
PG33583;Paul+Heyse;Arrabiata+Other;1857;26.469501611703446
PG63902;Mrs+Oliphant;Duke+Daughter;1858;23.107333657115106
PG54920;James+Grant;Romance+Highlanders;1846;28.40171650055371
PG47775;Ruby+Radford;Kitty+Carter;1944;16.311475409836067
PG55219;Aleksandr+Pushkin;Prose+Tales;1828;20.592957746478874
PG54195;Horatio+Alger;Grit+Young;1870;15.719752030782386
PG19615;Legh+Richmond;Dairyman+Daughter;1800;26.255252918287937
PG32630;David+Keller;Tiger;1933;14.416961130742049
PG30715;Jerome+Bixby;Where+There;1941;14.71563981042654
PG35486;Jarvis;Great+Gold;1920;19.57520981278244
PG37369;John+Kennedy;Bowl+Legend;1842;25.724909141738888
PG2034;Walter+Scott;Waverley+Sixty;1814;38.138770840143835
PG65427;Kay+Lyttleton;Jean+Craig;1948;18.14011850819101
PG29697;Edfrid+Bingham;Heart+Thunder;1912;17.892259264558593
PG36236;Henty;Dorothy+Double;1894;25.2012474012474
PG41797;Christina+Whyte;Story+Book;1925;16.957683741648108
PG1862;Alphonse+Daudet;Tartarin+Tarascon;1878;24.033312382149592
PG3475;Edgar+Burroughs;Efficiency+Expert;1922;21.144054141153724
PG34452;Eugène+Sue;Iron+Arrow;1840;22.512722035525684
PG60457;Zona+Gale;When+Little;1913;22.09503146018659
PG34530;Robert+Bird;Infidel+Fall;1835;31.679472254559567
PG36561;Frances+Trollope;Widow+Barnaby;1800;37.983996120271584
PG30378;Lizette+Edholm;Merriweather+Girls;1932;15.145639471975763
PG34414;Richmal+Crompton;Just+William;1940;14.640111659866868
PG42946;Emma+Davenport;Live+Toys;1862;17.616760168302946
PG2309;John+Galsworthy;Freelands;1922;20.585050753614272
PG51112;Murray+Leinster;Other;1946;13.864224137931034
PG42259;Robert+Howard;People+Black;1931;19.32247081712062
PG33647;Amelia+Comfield;Alida+Miscellaneous;1819;29.196380576957534
PG2833;Henry+James;Portrait+Lady;1890;22.17013988010277
PG3102;Charles+Warner;Their+Pilgrimage;1874;27.230906768837805
PG12741;Horatio+Alger;Risen+from;1874;16.512479201331114
PG44573;John+Galt;Entail+Lairds;1823;37.74647102526003
PG14432;James+Runciman;Dream+North;1889;23.265805574439156
PG28705;Sewell+Wright;;1944;20.397504456327987
PG64658;Gardner+Fox;When+Kohonnes;1958;14.315598548972188
PG1182;Sax+Rohmer;Dope;1920;17.80569362855852
PG36501;Sigourney;Olive+Leaves;1800;24.641591544917624
PG32931;Bertram+Mitford;Harley+Greenoak;1894;19.608148704468643
PG20728;Beam+Piper;Space+Viking;1944;18.895329441201
PG65537;Robert+Silverberg;Harwood+Vortex;1955;15.430260047281324
PG18778;Allen+Raine;Garthowen+Story;1882;24.169300714440354
PG47022;Elizabeth+Haight;Essays+Greek;1943;24.612086330935252
PG41422;Emily+Jenkinson;Barbara+Lynn;1914;20.484815420985633
PG64361;Carl+Selwyn;Earth+Missing;1950;15.82690909090909
PG428;Anthony+Hope;Frivolous+Cupid;1895;20.625725338491296
PG12669;Susan+Ferrier;Marriage;1818;30.85809214412286
PG62568;César+Malan;Stories+from;1823;25.123428571428573
PG24698;Oliver+Optic;School+Conquest;1863;19.92063492063492
PG767;Anne+Brontë;Agnes+Grey;1844;36.26568867155664
PG32900;David+Brien;Rats+Belfry;1941;15.17361111111111
PG7025;Walter+Scott;Complete;1812;39.23155737704918
PG15180;Alice+Rice;Honorable+Percival;1914;19.01759755164499
PG35036;Siberiak+Mamin;Verotchka+Tales;1892;12.94870630957785
PG28682;Madeline+Leslie;Minnie;1863;26.836206896551722
PG4965;Walter+Scott;Waverley+Sixty;1814;33.64933946008041
PG55654;James+Connolly;Deep+Toll;1906;19.099352953454392
PG37453;Paul+Kock;Barber+Paris;1839;23.0821997105644
PG19381;Clara+Pierson;Among+Farmyard;1899;20.288553259141494
PG60595;Manly+Wellman;Half+Around;1954;14.2
PG47613;Capwell+Wyckoff;Mystery+Hunters;1934;17.028620005667328
PG57210;Hulbert+Footner;Substitute+Millionaire;1914;14.55837183168935
PG56750;George+Croly;Tarry+thou;1828;26.877998500749626
PG2549;Elizabeth+Gaskell;Doom+Griffiths;1859;32.139655172413796
PG39105;Thomas+Cooper;Wise+Saws;1858;44.498383968972206
PG42353;Elizabeth+Sandham;Deaf+Dumb;1810;37.72183908045977
PG13576;Hendrik+Conscience;Poor+Gentleman;1858;24.922955145118735
PG38144;Harold+Bindloss;Mistress+Bonaventure;1900;25.37089920108788
PG7717;Edward+Lytton;Last+Barons;1848;27.27360988526037
PG29542;Poul+Anderson;Valor+Cappen;1957;17.26086956521739
PG23188;William+Kingston;Michael+Penguyne;1870;27.409180327868853
PG36360;Mrs+Simpson;Faithful+Margaret;1900;22.937193326790972
PG5999;Walter+Scott;Mannering+Astrologer;1815;30.3177304964539
PG65947;Tuttle;Color+Boots;1936;14.931564245810057
PG768;Emily+Brontë;Wuthering+Heights;1843;23.066646919431278
PG46852;Richard+Maher;Hills+Desire;1930;20.593302400645552
PG23357;Thomas+Aldrich;Miss+Mehetabel;1877;24.06937799043062
PG6692;Lucy+Aikin;Swiss+Family;1800;30.589473684210525
PG43925;Gustave+Aimard;Prairie+Flower;1862;23.564631956912027
PG26882;Lowell+Morrow;Omega;1957;21.52469135802469
PG3671;Charles+Reade;Christie+Johnstone;1859;20.406908665105387
PG34466;Jim+Kjelgaard;Rescue+High;1944;18.264927536231884
PG3953;Alfred+Vigny;Cinq+Mars;1829;24.450139275766016
PG64636;Washington+Irving;Winkle;1831;36.81203007518797
PG29418;Frank+Long;from+Time;1958;19.245664739884393
PG55305;Fergus+Hume;Black+Patch;1906;17.863651050080776
PG6765;Jacobsen;Mogens+Other;1876;26.439349112426036
PG888;Wilkie+Collins;Lazy+Tour;1866;28.572263549415517
PG65616;James+Grant;Master+Aberfeldie;1884;33.495586380832286
PG22843;Mary+Mitford;Aunt+Deborah;1800;44.656565656565654
PG55415;Don+Palmer;Scout+Explorers;1955;13.893622028712638
PG59619;;Beyond+Black;1867;19.74389282899921
PG42227;Robert+Howard;Witch+Shall;1931;18.869603524229074
PG28486;Everett+Cole;Weakling;1958;15.147540983606557
PG41196;Mary+Brunton;Self+control;1811;30.68890622967876
PG23564;William+Ainsworth;Rookwood;1834;20.19992455677103
PG2763;Andrew+Lang;World+Desire;1888;26.082560076136094
PG53213;Josephine+Chase;Marjorie+Dean;1818;16.2890756302521
PG6781;Friedrich+Schiller;Ghost+Seer;1800;23.97613065326633
PG65926;Hope+Mirrlees;Madeleine+Love;1919;25.9489069649212
PG31004;Samuel+Warren;Thousand+Year;1852;30.811990270424953
PG41594;Frederick+Gibbon;Disputed+Tale;1904;21.02041800643087
PG33591;Horatio+Alger;Wait+Hope;1876;14.941533618169553
PG27981;Mayne+Reid;Plant+Hunters;1858;27.394488759970994
PG5355;Walter+Scott;Mannering+Astrologer;1815;30.34810294507827
PG23644;Josephine+Chase;Marjorie+Dean;1818;18.882243487506646
PG35526;Madeline+Leslie;Cora+Doctor;1855;23.524233432245303
PG44185;Theodore+Roberts;Fighting+Starkleys;1922;18.678586453512832
PG57000;Sayler;Aeronauts+Club;1910;18.635378031383738
PG10005;George+Tucker;Voyage+Moon;1828;41.14331797235023
PG38865;Lewis+Wingfield;Maid+Honour;1876;19.545101088646966
PG6407;Walter+Scott;Abbot;1820;39.38263027295285
PG23832;Day+Lee;Summerfield+Life;1852;27.320147502514246
PG25419;Lillian+Roy;Polly+Eleanor;1910;21.881444647997906
PG66375;Stendhal;Charterhouse+Parma;1822;34.48258455325593
PG53455;William+Scargill;Rank+Talent;1829;35.724313326551375
PG56087;Fergus+Hume;Queer+Street;1913;18.024001192605844
PG35493;Jim+Kjelgaard;Black+Fawn;1958;18.876212780194045
PG32901;Phelps;Merchants+Venus;1819;17.151219512195123
PG966;Thomas+Peacock;Maid+Marian;1822;31.16842105263158
PG52386;Edward+Stratemeyer;Club+Boys;1908;16.220323741007196
PG42324;Mary+Shelley;Frankenstein+Modern;1834;28.28289855072464
PG35818;Frank+Packard;Doors+Night;1920;19.79624427029425
PG4268;Elizabeth+Gaskell;Cousin+Phillis;1848;26.21121778676099
PG22597;Les+Cole;Question+Comfort;1954;14.681286549707602
PG39376;James;Gipsy+Tale;1800;40.631768953068594
PG41619;Sax+Rohmer;Haunting+Fennel;1920;21.169437566324724
PG2154;Jules+Verne;Around+World;1876;21.267276422764226
PG64095;Mannington+Caffyn;Yellow+Aster;1800;21.689524838012957
PG30884;Rosel+Brown;Step;1956;16.903703703703705
PG7006;Henty;Bonnie+Prince;1895;28.06229707792208
PG1298;Owen+Wister;Virginian+Horseman;1900;17.05683156654888
PG18949;Beam+Piper;Moron;1944;18.96073619631902
PG215;Jack+London;Call+Wild;1906;23.52498530276308
PG12315;Mary+Sherwood;Shanty+Blacksmith;1836;45.58994413407821
PG18814;Beam+Piper;Mercenaries;1944;19.488448844884488
PG66143;Richard+Shaver;Paradise+Planet;1951;17.504424778761063
PG43678;Walter+Scott;Anne+Geierstein;1829;36.84116515526244
PG35614;Giesy;Palos+Star;1942;21.39087018544936
PG56676;Harry+Castlemon;Buried+Treasure;1888;24.90086335218815
PG41206;Lester+Chadwick;Batting+Story;1911;17.61806940566414
PG7112;Blackmore;Erema+Father;1877;26.933291139240506
PG45687;Maria+Pool;Friendship+Folly;1880;15.962156663275687
PG13577;Janet+Aldridge;Meadow+Brook;1913;15.135719108710331
PG40955;James+Hogg;Brownie+Bodsbeck;1818;36.315644002211165
PG59366;Edmund+Yates;Running+Gauntlet;1872;28.57196462074511
PG30733;Florence+Kelly;Fate+Felix;1913;23.443290043290045
PG54864;William+Scargill;Rank+Talent;1829;33.56919763058697
PG18410;Somerset+Maugham;Canadian+Photoplay;1930;17.06578165246681
PG13514;Washington+Irving;Tales+Traveller;1800;28.065192527640107
PG33007;Berthold+Auerbach;Edelweiss+Story;1867;18.66868658399098
PG66580;James+Grant;Colville+Guards;1850;31.629359708485165
PG31096;James+Mille;Lily+Cross;1874;20.956653460731765
PG29360;Fenwick;Family+Other;1813;34.618892508143325
PG21810;Roger+Finlay;Wonder+Island;1914;19.970914859862507
PG18346;John+McGuire;Null;1959;20.11454849498328
PG7710;Edward+Lytton;Novel;1848;25.266097240473062
PG25430;Sinclair+Lewis;Innocents+Story;1928;23.013658940397352
PG48087;Margaret+Epps;Nancy+Pembroke;1930;19.232449297971918
PG8516;Émile+Zola;Three+Cities;1898;28.0953247031133
PG12923;Couch+Quiller;Laird+Luck;1901;25.105912476722533
PG35396;Ossip+Schubin;Asbeïn+From;1888;21.30498966637142
PG32919;Bertram+Mitford;Renshaw+Fanning;1894;20.035883280757098
PG44249;William+Heyliger;Detectives+Mystery;1935;13.296989628130534
PG55557;Oliver+Optic;Ready+About;1870;21.28559826746075
PG48744;Lady+Morgan;Missionary+Indian;1811;65.16793893129771
PG40160;Madame+Panache;Manners+Novel;1817;40.822138635142394
PG46200;Sterling+North;Plowing+Sunday;1934;20.88157894736842
PG40953;August+Derleth;Traveler+Time;1950;17.053398058252426
PG730;Charles+Dickens;Oliver+Twist;1851;23.473787040052102
PG21636;George+Cupples;Bluff+Crag;1872;26.800705467372133
PG3947;Alfred+Vigny;Cinq+Mars;1829;32.083820662768034
PG66545;Mary+Shelley;Heir+Mondolfo;1834;28.887453874538746
PG32041;Robert+Sheckley;Poison;1953;13.190763052208835
PG58638;Roy+Bridges;Rogues+Haven;1922;21.93399685699319
PG7716;Edward+Lytton;Last+Barons;1848;34.01304347826087
PG16517;Somerset+Maugham;Liza+Lambeth;1953;19.292736610418196
PG3431;Voynich;Gadfly;1954;19.554682955206516
PG1377;Walter+Scott;Talisman;1825;35.99869989165764
PG34849;Agnes+Strickland;Rival+Crusoes;1827;37.716914366595894
PG20628;Sewell+Ford;Torchy;1932;16.6989898989899
PG42174;Susanna+Moodie;World+Before;1854;24.81856540084388
PG34795;Maurice+Leblanc;Golden+Triangle;1917;13.639217420139273
PG31832;Catharine+Sedgwick;Travellers+Tale;1825;34.52616822429906
PG45613;Frank+Martinek;Winslow+Navy;1938;16.519412643106023
PG15424;Emerson+Bennett;Ella+Barnwell;1848;37.651138353765326
PG64669;James+Grant;Philip+Rollo;1854;34.817606880849986
PG21447;William+Kingston;Three+Admirals;1857;27.412108661225485
PG2809;Hamlin+Garland;Main+Travelled;1899;17.910347838742542
PG3606;Wilkie+Collins;Antonina+Fall;1850;33.795228946525775
PG8404;Charles+Brown;Jane+Talbot;1800;21.653703703703705
PG19709;Carey+Rockwell;Danger+Deep;1953;14.80240151674742
PG56433;Charlotte+Bury;Manoeuvring+Mother;1800;24.07185273159145
PG25586;Willa+Cather;Collection+Stories;1920;20.876008064516128
PG41201;Ivan+Turgenev;Diary+Superfluous;1860;27.239260467645458
PG37438;Fanny+Burney;Wanderer+Female;1814;34.70075187969925
PG7721;Edward+Lytton;Last+Barons;1848;27.552309142318567
PG42548;Margaret+Sanderson;Camp+Fire;1815;21.389239176124423
PG5773;George+MacDonald;Annals+Quiet;1867;23.264982778415614
PG33114;Eugène+Sue;Iron+Pincers;1840;19.65299898339546
PG1943;Honoré+Balzac;Louis+Lambert;1836;30.50421686746988
PG5998;Walter+Scott;Waverley+Sixty;1814;35.773856727464974
PG16018;William+Carleton;Black+Prophet;1842;33.0461353072818
PG16963;Maria+Daviess;Golden+Bird;1918;32.9972191323693
PG31668;Hoffmann;Serapion+Brethren;1809;30.351294117647058
PG65309;Benson;Colin+Novel;1914;21.77648
PG15837;Selma+Lagerlöf;Jerusalem;1902;20.59755608974359
PG11573;James+Cooper;Crater+Vulcan;1847;35.92507572134545
PG30807;Robert+Stevenson;Works+Robert;1882;20.39182156133829
PG12385;Frances+Elliot;Italians+Novel;1875;17.432739420935413
PG51628;James;Delaware+Ruined;1833;40.85029302077784
PG3942;Alfred+Musset;Confession+Child;1844;23.388481209695353
PG7062;Amelia+Barr;Daughter+Fife;1886;20.728630908645602
PG39643;John+Goldfrap;Bungalow+Boys;1910;18.313499111900533
PG5950;Walter+Scott;Fortunes+Nigel;1822;37.84477784189267
PG63873;Elmer+Gregor;Camping+Winter;1912;20.34
PG66592;Molly+Seawell;Last+Duchess;1908;28.34744707347447
PG8083;Velda+Eddy;Allis+Family;1858;22.426020408163264
PG21894;Edward+Stratemeyer;Rover+Boys;1906;17.374796084828713
PG20519;George+Smith;Highways+Hiding;1956;18.28998968008256
PG1925;Honoré+Balzac;Droll+Stories;1834;31.94254859611231
PG20697;Hamlin+Garland;Prairie+Folks;1895;19.767852062588904
PG18896;Whitney;Faith+Gartney;1863;20.591379310344827
PG35940;Robert+Leighton;Golden+Galleon;1896;23.62956277577216
PG39520;James;Huguenot+Tale;1839;38.67093287827076
PG18137;Beam+Piper;Little+Fuzzy;1944;17.89961651251974
PG29446;Robert+Sheckley;Beside+Still;1954;13.724137931034482
PG3809;Jules+Verne;Master+World;1876;19.796088373777618
PG18810;George+MacDonald;Alec+Forbes;1865;24.40603965799527
PG25947;Joseph+Brien;Devil+Tragedy;1824;15.88837744533947
PG26360;Ludwig+Tieck;Mountain+Lovecharm;1823;30.153093434343436
PG59653;Bailey;Call+Fortune;1930;11.949441687344914
PG61877;James+Peddie;Dangerous+Dilemmas;1800;22.2497277676951
PG29619;Kornbluth;Altar+Midnight;1955;15.986956521739131
PG8676;Sarah+Grand;Heavenly+Twins;1893;24.784990823193528
PG5520;Georg+Ebers;Bride+Nile;1880;29.975675675675674
PG63838;Frank+Long;Time+Trap;1958;20.920289855072465
PG3339;Eugène+Sue;Wandering;1845;23.651650618982117
PG36678;Henry+Riley;Puddleford+Papers;1856;26.612774070543374
PG20736;Katherine+Galt;Girl+Scouts;1921;17.633196721311474
PG6980;Wodehouse;Tales+Austin;1938;17.106663351566386
PG22661;Théophile+Gautier;Clarimonde;1852;28.103448275862068
PG40277;Madeline+Brandeis;Little+Indian;1928;18.40711009174312
PG36906;Josephine+Chase;Marjorie+Dean;1818;15.424920850293985
PG6941;Walter+Scott;Mortality+Complete;1812;35.44389140271493
PG27225;Anne+Warner;Woman+Will;1901;18.76161890007746
PG30540;Elizabeth+Phelps;Gates+Between;1888;20.32621136970622
PG37440;Fanny+Burney;Wanderer+Female;1814;33.80255077940482
PG48742;Lady+Morgan;Missionary+Indian;1811;48.9237668161435
PG1432;Honoré+Balzac;Seraphita;1834;25.779097387173397
PG7672;Edward+Lytton;Harold+Last;1848;44.95463917525773
PG2227;Rudyard+Kipling;Soldiers+Three;1890;21.854381119758976
PG40930;Paul+Kock;Paul+Novels;1842;19.520272410516313
PG49096;Emerson+Hough;;1900;18.181042654028435
PG22839;Mary+Mitford;Jesse+Cliffe;1800;38.84805653710247
PG44747;Stendhal;Black+Chronicle;1822;21.990868818370853
PG6376;Emma+Southworth;Self+Raised;1869;20.169067296340025
PG32761;Rhodes;Caxton+Book;1859;28.93193435566317
PG52756;Mrs+Oliphant;Cuckoo+Nest;1872;22.046628859483302
PG59422;Rider+Haggard;Wisdom+Daughter;1923;27.042435424354245
PG6087;John+Polidori;Vampyre+Tale;1819;44.75346260387812
PG7657;Edward+Lytton;Kenelm+Chillingly;1848;26.84107002360346
PG10322;Nathaniel+Conklin;Miss+Prudence;1883;19.69050838290968
PG53414;Edward+Stratemeyer;Dave+Porter;1906;16.831190926275994
PG37296;Mary+Hedge;Samboe+African;1800;42.86203423967775
PG50735;Rex+Beach;Fight;1923;16.76541095890411
PG58945;Alan+Aubyn;master+Benedict;1893;20.63177059626764
PG44522;William+Ainsworth;Jack+Sheppard;1839;21.085113065326635
PG44427;François+Chateaubriand;Atala;1801;27.154030327214684
PG4016;Mühlbach;Prince+Eugene;1864;21.434431685804626
PG21301;George+Fenn;Bunyip+Land;1870;24.9752466367713
PG44147;Ellis+Butler;Great+American;1913;19.714285714285715
PG21466;William+Kingston;Rocky+Mountains;1857;30.22066936373667
PG65080;James+Grant;Dick+Rodney;1864;35.862185389809696
PG600;Fyodor+Dostoyevsky;Notes+from;1861;23.55933576346699
PG4532;Victor+Appleton;Swift+Photo;1954;15.679088471849866
PG65365;;Story+Needle;1867;24.021203830369355
PG4049;Adélaïde+Montgolfier;Piccolissima;1849;31.00597609561753
PG29570;Holworthy+Hall;Rope;1922;19.49866950505588
PG65882;George+Chesney;Battle+Dorking;1871;35.94591346153846
PG52574;Murray+Leinster;Third+Planet;1952;14.443678160919541
PG41286;Mrs+Oliphant;Miss+Marjoribanks;1866;34.819301298353636
PG20726;Beam+Piper;Slave+Slave;1944;19.510395707578805
PG7698;Edward+Lytton;Strange+Story;1848;31.681381957773514
PG13511;Aleksandr+Pushkin;Daughter+Commandant;1828;18.420048560527228
PG546;Rex+Stout;Under+Andes;1940;19.235897435897435
PG30353;Albert+Hernhuter;Smiler;1954;12.451923076923077
PG31308;Somerset+Maugham;Orientations;1955;21.51178781925344
PG13784;Finley+Dunne;Dooley+Hearts;1898;22.230048367593714
PG37355;Helen+Gardener;Pray+Whose;1892;20.686274509803923
PG50889;Donald+Colvin;Half+past;1948;14.51454138702461
PG58047;Henry+Wood;Court+Farm;1868;19.160720531654423
PG18958;Mary+Townsend;Brother+Clerks;1850;24.958619255562486
PG58678;Adolphe+Belot;Parisian+Sultana;1879;29.955404923296467
PG57638;Stendhal;Chartreuse+Parma;1822;25.464111427409517
PG2796;William+Thackeray;Memoirs+Charles;1847;25.33128238341969
PG9183;George+MacDonald;Wilfrid+Cumbermede;1872;20.649812382739213
PG56434;Charlotte+Bury;Manoeuvring+Mother;1800;22.74670776127767
PG54959;Vere+Stacpoole;Pearl+Fishers;1915;23.10618462937699
PG63642;Eleanor+Gates;Phœbe;1914;14.62954796030871
PG7602;Edward+Lytton;Caxtons+Family;1849;30.27216174183515
PG41916;Jackson+Wray;Nestleton+Magna;1876;27.896419725287096
PG36705;Harold+Bindloss;Right+Purchase;1900;20.858112695179905
PG32064;Wilhelm+Hauff;Wine+ghosts;1824;28.42747111681643
PG49680;William+Ainsworth;Chetwynd+Calverley;1854;17.52928504106638
PG64690;Robert+Abernathy;Dead+Star;1948;20.10834049871023
PG19964;Charles+Dye;Regeneration;1952;20.418410041841003
PG54627;John+Habberton;Scripture+Club;1877;32.166001596169195
PG31140;Edward+Stratemeyer;Young+Auctioneers;1897;17.368296360111998
PG6575;George+McCutcheon;Purple+Parasol;1904;15.389183457051962
PG36919;Mary+Vorse;Heart+Country;1914;27.112128146453088
PG51919;Charles+King;Rancho+Muerto;1894;23.66751269035533
PG65825;Harold+Lamb;Marching+Sands;1910;15.239925499492042
PG1345;Honoré+Balzac;Vicar+Tours;1834;31.294642857142858
PG10363;James+Cooper;Bravo+Tale;1833;25.203162165943752
PG5353;Walter+Scott;Mannering+Astrologer;1815;30.844141980250868
PG63993;Poul+Anderson;Lord+Thousand;1954;18.12544378698225
PG1294;Honoré+Balzac;Firm+Nucingen;1834;25.571225071225072
PG55024;Aleksandr+Pushkin;Queen+Spades;1828;18.374383020730505
PG6813;Catharine+Traill;Lost+Backwoods;1852;36.49120062573328
PG7751;Edward+Lytton;Godolphin;1848;27.266321243523315
PG51067;Oliver+Optic;Living+Fast;1870;18.909985033140902
PG52626;Josephine+Chase;Marjorie+Dean;1818;17.5653681963714
PG43583;Edith+Lavell;Mystery+Fires;1931;14.648448687350836
PG18010;Maud+Ogilvy;Marie+Gourdon;1890;20.338432122370936
PG3169;John+Bangs;Pursuit+House;1902;23.739265390584585
PG1999;Aldous+Huxley;Crome+Yellow;1946;18.498547918683446
PG46570;Jane+Porter;Pastor+Fire;1817;33.387286324786324
PG41997;James+Otis;Light+Keepers;1890;34.327345309381236
PG20898;Smith;Galaxy+Primes;1938;15.860522022838499
PG6852;Masoch+Sacher;Venus+Furs;1875;19.592276144907725
PG36494;Hoffmann;Devil+Elixir;1809;35.39319620253165
PG47485;Madame+Guizot;Moral+Tales;1810;32.72503214744964
PG2824;Fouqué+Motte;Sintram+Companions;1800;28.74448841153194
PG20425;Juliana+Ewing;Peace+Other;1873;20.829222894369476
PG927;Charles+Dickens;Lamplighter;1841;25.52699228791774
PG34720;Jim+Kjelgaard;Were+There;1940;14.795752895752896
PG4249;Christopher+Morley;Sweet;1934;20.08023598820059
PG7088;Lucy+Aikin;Pilgrim+Progress;1800;26.33572567783094
PG43280;James+Rossignol;Jean+Baptiste;1801;18.159965635738832
PG33854;Robert+Sheckley;Foolish+Question;1955;12.921630094043888
PG49634;James;Attila+Romance;1800;37.30219966159053
PG6128;Edward+Roe;Sombre+Rivals;1873;24.525455688246385
PG54684;Giovanni+Verga;House+Medlar;1890;30.517787742899852
PG19092;Thornton+Burgess;Adventures+Paddy;1931;19.259541984732824
PG32718;Betsy+Curtis;Trap;1932;19.579754601226995
PG25710;Juliana+Ewing;Last+Words;1873;24.22829131652661
PG22202;David+Murray;Aunt+Rachel;1886;21.33620424484774
PG2610;Victor+Hugo;Notre+Dame;1854;21.748233215547703
PG18687;Susan+Warner;Daisy;1862;18.337576030637532
PG1851;Anna+Green;Woman+Alcove;1906;23.699943278502552
PG26399;Eleanor+Abbott;Fairy+Prince;1922;11.119297575873258
PG4964;Walter+Scott;Waverley+Sixty;1814;38.976416373000816
PG13148;Frederick+Marryat;Peter+Simple;1834;29.71046725158131
PG28149;David+Wells;Ladyship+Elephant;1898;22.02415063446582
PG16017;William+Carleton;Poor+Scholar;1800;28.297385620915033
PG4048;Eliza+Follen;Talkative;1843;27.15909090909091
PG3666;Mühlbach;Andreas+Hofer;1859;26.047777539188317
PG18171;Charles+Sheldon;Crucifixion+Philip;1890;21.618177136972193
PG161;Jane+Austen;Sense+Sensibility;1806;30.181962338949454
PG13010;Frederick+Marryat;Frank+Mildmay;1800;34.230440206736766
PG56988;Charles+Nodier;Franciscus+Columna;1822;32.497126436781606
PG6021;Algernon+Blackwood;Prisoner+Fairyland;1913;19.616388140161725
PG18861;Beam+Piper;Temple+Trouble;1944;22.303523035230352
PG6284;Gilbert+Parker;World+Sale;1907;21.662810964981777
PG4789;Albert+Terhune;Black+Caesar;1922;18.572122492080254
PG66045;Tuttle;Creepin+Tintypes;1936;17.096989966555185
PG4591;Arthur;After+Shadow;1857;19.21784961349262
PG9204;Nathaniel+Hawthorne;Prophetic+Pictures;1837;24.831541218637994
PG3451;Mühlbach;Marie+Antoinette;1856;25.953887300562574
PG32213;Gordon+Dewey;Hoiman+Solar;1936;16.005797101449275
PG21125;Edward+Ellis;Patriot;1888;21.7248322147651
PG8445;Knut+Hamsun;Look+Back;1940;18.005502971604667
PG25529;Thornton+Burgess;Adventures+Danny;1944;20.21576354679803
PG21771;Henry+James;Georgina+Reasons;1885;28.726315789473684
PG14257;Somerset+Maugham;Magician;1956;17.950152207001523
PG1639;Honoré+Balzac;David;1843;25.413130504403522
PG54091;Henty;Lost+Novel;1869;27.761690983913205
PG7633;Edward+Lytton;Disowned;1829;30.6869918699187
PG44264;Matthew+Hartstonge;Hallows+Adelaide;1825;34.89482071713147
PG3972;René+Bazin;Stain+Tache;1905;18.59320948110186
PG58321;Mrs+Oliphant;Three+Brothers;1869;23.042646380820656
PG4344;Aleksandr+Pushkin;Marie+story;1828;16.955223880597014
PG39176;Eliza+Lee;Delusion+Witch;1840;25.932135728542914
PG20749;Walter+Scott;Ronan+Well;1824;39.30160039597426
PG56876;George+Corbett;Amazonia+Foretaste;1889;29.01697453819271
PG16005;William+Carleton;Jane+Sinclair;1841;31.64385297845374
PG60660;Sherman+Crockett;American+Boys;1916;23.14509536784741
PG21308;George+Fenn;First+Field;1880;20.586873638344226
PG56298;Smith+Kaye;Four+Roads;1932;25.726975030699958
PG45622;Carolyn+Wells;Curved+Blades;1916;17.78578041103499
PG56371;Pierce+Egan;Flower+Flock;1820;26.757928118393234
PG34399;Stewart+White;Westerners;1920;19.957450224791266
PG40999;William+Queux;Stolen+Souls;1906;22.41042094455852
PG35093;Eleanor+Porter;Road+Understanding;1904;17.342408667870536
PG11957;James+Cooper;Wing+Wing;1830;32.405958203646065
PG65459;Gaston+Leroux;Dark+Road;1924;19.923519926284268
PG21555;Frederick+Marryat;Mission+Scenes;1800;34.67362146050671
PG26612;Richard+Neville;Pirate+Parts;1913;19.302977739230993
PG66412;James+Grant;Second+None;1864;31.568886337543056
PG21491;William+Kingston;Trapper;1860;29.22653721682848
PG45494;Craine;Airplane+Boys;1930;23.26567735758736
PG35664;Paul+Jean;Titan+Romance;1804;40.336201838451004
PG29561;Rupert+Hughes;Little+Town;1927;19.363783871491158
PG8384;Louisa+Alcott;Pauline+Passion;1863;27.53598971722365
PG1342;Jane+Austen;Pride+Prejudice;1806;26.344810211622438
PG51531;Kornbluth;With+These;1950;15.865533230293662
PG46156;Blackmore;Maid+Sker;1872;32.335372436128104
PG105;Jane+Austen;Persuasion;1806;29.57021626060772
PG10560;John+Cooke;Last+Foresters;1868;20.8533913776155
PG49533;Benson;Capsina+Historical;1899;25.59670311734944
PG59616;Winterbotham;Little+Knowledge;1948;14.88
PG8744;Ivan+Turgenev;Sportsman+Sketches;1860;23.69771573604061
PG18126;George+Townsend;Tales+Chesapeake;1880;25.143625364104864
PG31469;Lovecraft;Shunned+House;1924;39.4264705882353
PG7180;Samuel+Lover;Handy+Andy;1800;31.822955145118733
PG23739;Moir;Life+Mansie;1828;47.747909199522105
PG40725;Cleo+Garis;Orchard+Secret;1934;15.292832167832168
PG61168;Agatha+Christie;Brown+Suit;1943;14.74917063320352
PG293;Horatio+Alger;Paul+Prescott;1865;17.469453376205788
PG34395;Mildred+Wirt;Ghost+Beyond;1943;13.090280976508522
PG33618;Eugène+Sue;Branding+Needle;1840;24.33811475409836
PG53102;Judith+Merril;Lonely;1952;25.825242718446603
PG53754;Frank+Cowper;Captain+Wight;1889;24.926467864419337
PG12205;Jacobs;Lawyer+Quince;1913;21.26568265682657
PG45973;Ambrose+Newcomb;Trackers+Pack;1931;35.16086497890296
PG36158;Julia+Kavanagh;Daisy+Burns;1852;20.68321192613925
PG58434;Louis+Tracy;Minkie;1907;19.521439132577626
PG51079;Clarence+Young;Jerry+Boxwood;1916;16.306366047745357
PG5847;Marion+Crawford;Heart+Rome;1882;21.549457994579946
PG1957;Honoré+Balzac;Beatrix;1839;25.612704918032787
PG36406;James+Cooper;Mercedes+Castile;1800;35.88854584748379
PG42254;Robert+Howard;Beyond+Black;1931;17.86917677089981
PG10938;James+Cooper;Headsman+Abbaye;1800;35.20675555555555
PG41083;Paul+Kock;Neighbor+Raymond;1842;20.480892536547834
PG27712;Anthony+Trollope;Harry+Hotspur;1871;21.358012897062334
PG48690;Walter+Besant;Revolt;1882;23.389742103738048
PG44454;Gustave+Aimard;Smuggler+Chief;1860;26.711273317112735
PG33853;Evelyn+Raymond;Jessica+Trent;1902;16.777507195040958
PG49806;Smythies+Gordon;Addie+Husband;1800;21.391451469278717
PG701;John+Ruskin;King+Golden;1880;27.690021231422506
PG6479;Catharine+Traill;Lady+Mary;1838;33.77526753864447
PG35846;Joseph+Scheffel;Ekkehard+Tale;1872;26.057603686635943
PG34933;Elizabeth+Pinchard;Mystery+Confidence;1814;41.67206040992449
PG4587;Arthur;Finger+Posts;1857;18.72710280373832
PG12558;Frederick+Marryat;Snarleyyow+Fiend;1800;28.143610608800483
PG49657;Edgar+Wallace;Bosambo+River;1920;24.112155198545015
PG62548;Emma+Marshall;XIII+Story;1881;26.891832229580572
PG52410;Zona+Gale;Peace+Friendship;1912;19.81338378809002
PG17414;Norman+Springer;Blood+Ship;1941;18.38962472406181
PG19830;Dwight+Moody;Moody+Anecdotes;1876;21.215638766519824
PG24395;James+Schmitz;Winds+Time;1956;18.225589225589225
PG40660;Melville+Whyte;Interpreter+Tale;1858;31.62031755819331
PG1307;Honoré+Balzac;Magic+Skin;1834;25.30892494929006
PG65636;Willa+Cather;Lost+Lady;1937;18.731031543052005
PG43088;Cody;Chief+Ranges;1920;17.69838249286394
PG6942;Walter+Scott;Heart+Lothian;1818;38.80798898071625
PG50702;Lee+Sutton;Venus;1957;13.668974358974358
PG24697;Horace+Scudder;Seven+Little;1869;22.93953892996955
PG51487;Ouida;Othmar;1880;26.32696715049656
PG4428;George+Meredith;Evan+Harrington;1861;20.870349492671927
PG61149;Means;Further+Means;1928;19.59573283858998
PG53700;Henty;Tales+from;1900;23.591768164636708
PG50835;Kornbluth;Luckiest+Denv;1950;15.426470588235293
PG63338;Mary+Shelley;Valperga+life;1823;39.39953134153485
PG48167;Harriet+Spofford;Children+Valley;1901;20.936332767402376
PG22696;Rupert+Hughes;Colonel+Crockett;1906;20.971751412429377
PG32676;Winston+Marks;Test+Colony;1957;17.436491935483872
PG52180;Earle+Walcott;Apple+Discord;1907;20.901689484415964
PG2075;Thomas+Peacock;Crotchet+Castle;1836;27.850671140939596
PG765;Abraham+Merritt;Moon+Pool;1924;20.05241630056052
PG7635;Edward+Lytton;Disowned;1829;29.041095890410958
PG42600;Richard+Dowling;Under+Paul;1882;16.885934819897084
PG21238;Mayne+Reid;Castaways;1870;31.057328015952145
PG15422;Herman+Melville;Israel+Potter;1865;24.34873949579832
PG29046;George+Weiss;Heads+Apex;1932;17.9894578313253
PG37437;Fanny+Burney;Wanderer+Female;1814;31.530722484807562
PG17620;Joseph+Conrad;Point+Honor;1900;19.249514563106796
PG23263;Ballantyne;Fugitives+Tyrant;1870;24.696756545525595
PG39806;Mary+Brine;Dear+Little;1850;37.640506329113926
PG2527;Johann+Goethe;Sorrows+Young;1800;22.507083333333334
PG23004;Heman+Chaplin;Madeira+Place;1887;24.173333333333332
PG56553;Paul+Hutchens;Sugar+Creek;1950;31.83076923076923
PG12526;Archibald+Fletcher;Scouts+Northern;1864;16.86195616617599
PG23732;Victoria+Cross;Girl+Klondike;1920;25.1255905511811
PG1968;Honoré+Balzac;Human+Comedy;1834;42.809611829944544
PG7251;Marietta+Holley;Sweet+Cicely;1885;24.149898580121704
PG6940;Walter+Scott;Mortality;1812;32.324284449690175
PG7004;Walter+Scott;Antiquary;1820;34.94924337957125
PG28112;Mitchell;Alonzo+Melissa;1811;27.223984142715558
PG15138;Meredith+Nicholson;Hoosier+Chronicle;1912;22.250579790171177
PG34541;Braddon;John+Marchmont;1863;26.696780551905388
PG42250;Robert+Bowen;Dave+Dawson;1943;15.0762987012987
PG2129;Maria+Edgeworth;Murad+Unlucky;1804;33.23348017621145
PG11620;Miles+Franklin;Brilliant+Career;1926;22.107769423558896
PG30334;Mack+Reynolds;Ultima+Thule;1953;14.534419551934826
PG44721;Charlotte+Yonge;Pillars+House;1873;24.529303900134
PG22463;James+Cabell;Chivalry;1909;23.09729247247843
PG331;Edgar+Burroughs;Mucker;1921;21.13902959210877
PG32706;Smith;Triplanetary;1938;20.678991596638657
PG28379;Edward+Hale;Perhaps+Four;1876;25.895448634590377
PG14275;Robert+Benson;Necromancers;1909;20.809727626459143
PG17263;Couch+Quiller;Astonishing+History;1888;21.263446530267878
PG24181;Robert+Chambers;Lorraine+Romance;1896;19.76618274978651
PG61740;Henry+Britton;Lolóma+years;1900;29.77314343845371
PG52609;Lionel+Lounsberry;Captain+Carey;1899;28.943089430894307
PG23696;Francis+Smith;Gentleman+Gentleman;1886;25.187755102040818
PG44465;Leonard+Merrick;Cynthia+With;1896;19.81734693877551
PG35148;Barry+Pain;Here+Hereafter;1906;10.756379264034381
PG6454;Susanna+Moodie;George+Leatrim;1875;21.01410934744268
PG26830;Susan+Warner;Helmet;1864;19.14878984261341
PG12677;Edna+Ferber;Personality+Plus;1936;16.11967361740707
PG51185;Daniel+Galouye;Jackson+Children;1958;12.982486865148863
PG24731;Arthur+Bailey;Tale+Grunty;1923;14.605654761904763
PG65581;Kay+Lyttleton;Jean+Craig;1948;20.59437559580553
PG30749;John+Galt;Ringan+Gilhaize;1823;44.72358775334196
PG1641;Honoré+Balzac;Lesser+Bourgeoisie;1834;27.505909589374923
PG27985;Josephine+Chase;Marjorie+Dean;1818;17.67127592708988
PG7529;Henry+James;Reverberator;1890;21.52928870292887
PG22513;Mark+Clifton;Sense+from;1944;17.81714876033058
PG30623;Eugene+Lyle;Missourian;1890;17.062363238512035
PG7987;Walter+Scott;Fair+Maid;1800;31.127998945425784
PG54104;Will+Harben;Redemption+Kenneth;1909;21.347839090773142
PG64771;Robert+McDowell;Sword+Fire;1926;13.85980341438179
PG23625;Norman+Lindsay;Magic+Pudding;1934;26.18431001890359
PG7645;Edward+Lytton;Ernest+Maltravers;1848;23.831989247311828
PG31422;Anna+Walling;Kempton+Wace;1932;19.95323014804845
PG43128;Mrs+Molesworth;Jasper;1869;22.9901995099755
PG5987;Henry+Merriman;Kedar+Tents;1897;20.917986548058146
PG3368;William+Howells;Hazard+Fortunes;1888;22.556877323420075
PG2194;George+Sand;Mauprat;1837;26.688636742866677
PG4368;Scott+Fitzgerald;Flappers+Philosophers;1928;18.699730700179533
PG34968;Elizabeth+Pinchard;Mystery+Confidence;1814;41.135110294117645
PG51629;James;Delaware+Ruined;1833;33.351893095768375
PG24771;Lewis;Tutors+Lane;1947;22.94862036156042
PG58953;West+Sackville;Heritage;1937;25.281603621079856
PG19043;Edgar+Jepson;Terrible+Twins;1913;21.116886475303854
PG31522;Harriet+Stowe;Pearl+Island;1862;30.637853107344633
PG9482;Johanna+Spyri;What+Sami;1874;22.5109409190372
PG27587;William+Davis;Victor+Salamis;1926;16.769144144144143
PG37003;Nathaniel+Conklin;Tessa+Wadsworth;1880;19.849922958397535
PG20200;Alicia+Mant;Christmas+Happy;1824;34.6101083032491
PG7611;Edward+Lytton;Eugene+Aram;1832;31.40402969247084
PG543;Sinclair+Lewis;Main+Street;1928;19.07829881909978
PG913;Mikhail+Lermontov;Hero+Time;1838;19.969164118246688
PG39544;William+Leahy;Incendiary+Story;1897;17.537935259879507
PG1668;Walter+Scott;Tapestried+Chamber;1800;41.61864406779661
PG4959;Colburn+Adams;Life+Adventures;1858;41.40412242348532
PG7963;Mrs+Blackford;Eskdale+Herd;1822;37.60079954311822
PG4627;Arthur;Lights+Shadows;1857;20.58228861029608
PG2020;Edgar+Burroughs;Tarzan+Terrible;1922;26.894980184940554
PG4731;Ethel+Turner;Seven+Little;1924;23.61422497100889
PG43281;Blackmore;Cripps+Carrier;1872;25.127239384962618
PG16014;William+Carleton;Hedge+School;1842;32.0886513674945
PG36107;William+Watson;Trevethlan+Cornish;1848;22.99146757679181
PG12577;George+Cable;Strange+True;1894;22.412204951065053
PG36723;George+Fenn;Maid+Mischief;1880;22.545454545454547
PG35168;Werner;Danira;1885;21.81338289962825
PG26327;Marion+Crawford;Casa+Braccio;1882;19.138494665753157
PG51294;George+Reynolds;Mysteries+London;1870;26.105792855792856
PG46592;Ralph+Barbour;Center+Rush;1895;16.77504835589942
PG9226;Nathaniel+Hawthorne;Hall+Fantasy;1844;30.47340425531915
PG14581;Vaughan+Kester;Just+Unjust;1900;18.351831473038832
PG37005;Hoffmann;Devil+Elixir;1809;32.23040191006765
PG64555;Mary+Shelley;Lodore;1835;31.15357142857143
PG23144;Mayne+Reid;Trail+Hunt;1857;22.30231051608724
PG57785;George+Lippard;York+Upper;1848;22.91597919655667
PG65784;Marion+Taggart;Annes;1916;17.674772036474163
PG23499;Mayne+Reid;Hunters+Feast;1855;27.25995997816991
PG50853;James;Ticonderoga+Story;1831;29.433864327904065
PG32711;Stephen+Marlowe;Disaster+Revisited;1959;12.769820971867007
PG22890;Stanley+Weinbaum;Worlds;1928;15.131059245960502
PG42572;Elizabeth+Sandham;Adopted+Daughter;1815;35.43114754098361
PG50943;James;Rose+Albret;1800;30.72435987127466
PG35004;Prosper+Mérimée;Abbé+Aubain;1846;21.943513345747984
PG2590;Walter+Scott;Mannering;1822;35.04142923148005
PG54629;Luis+Senarens;Frank+Reade;1893;15.02803738317757
PG40741;Paul+Kock;Paul+Novels;1842;20.224705882352943
PG23049;William+Kingston;Jack;1857;27.196031107535532
PG40974;William+Scargill;Blue+Stocking;1827;41.87034035656402
PG50774;Katherine+MacLean;Contagion;1951;15.322874493927126
PG50622;Murray+Leinster;Silver+Menace;1946;17.471146822498174
PG26537;Cornelia+Meigs;Windy+Hill;1921;26.609413707679604
PG37907;Oliver+Optic;Brave+Salt;1866;19.60042283298097
PG44560;William+Clarke;Three+Courses;1829;35.60411718131433
PG25689;George+Gibbs;Secret+Witness;1916;18.362749030619067
PG28749;Angela+Brazil;Madcap+School;1917;18.869198312236286
PG46276;Gustave+Aimard;Treasure+Pearls;1860;27.529395138496326
PG26934;James+Ellis;Shawn+Skarrow;1915;23.698449612403103
PG24503;Mayne+Reid;Slaves;1864;26.235916984328675
PG21468;William+Kingston;Marmaduke+Merry;1862;28.029239766081872
PG59775;Darlington;Button;1944;17.751275009807767
PG59375;Willard+Marsh;Ethicators;1956;20.18032786885246
PG43133;Mrs+Molesworth;Imogen+Only;1890;20.71616766467066
PG18902;Sara+Bassett;Flood+Tide;1921;20.260888129803586
PG2515;Prentiss;Stepping+Heavenward;1870;21.51054852320675
PG65615;James+Grant;Master+Aberfeldie;1884;32.26324786324786
PG48893;Théophile+Gautier;Mademoiselle+Maupin;1852;41.730807577268195
PG18800;Beam+Piper;Last+Enemy;1944;21.389841688654354
PG6357;Ballantyne;Snowflakes+Sunbeams;1856;32.11469461802056
PG64072;Frank+Long;Lake+Fire;1958;17.559386973180075
PG31676;Kálmán+Mikszáth;Heathen+Master;1888;22.927272727272726
PG53637;Josephine+Chase;Marjorie+Dean;1818;17.308840957572883
PG22623;Joseph+Samachson;Divinity;1953;18.896017699115045
PG32071;Wilhelm+Hauff;Banished+Swabian;1824;29.370003249918753
PG1665;Edna+Lyall;Derrick+Vaughan;1890;26.64152352501867
PG35179;William+Fraser;Three+Sapphires;1879;24.78061740890688
PG44521;William+Ainsworth;Jack+Sheppard;1839;19.362276183468236
PG34553;John+Bangs;Over+Plum;1902;22.22643769968051
PG45720;George+Grinnell;Jack+Young;1904;27.886436170212765
PG57408;Aline+Havard;Captain+Lucy;1901;21.4038
PG57672;Speight;Secret+Novel;1882;24.831438651509213
PG43256;Roy+Snell;Witches+Cove;1928;14.80054347826087
PG55928;Margaret+Pedler;House+Dreams;1919;20.257115598664335
PG15387;Robert+Surtees;Jorrocks+Jaunts;1838;33.280944625407166
PG6897;Frederick+Marryat;Little+Savage;1830;31.327827191867854
PG8679;Henty;England+Freeing;1877;29.07285524063154
PG36686;Frances+Trollope;Vicar+Wrexhill;1837;32.85384030418251
PG32780;Raymond+Gallun;Asteroid+Fear;1951;17.393607305936072
PG6086;Jane+Porter;Scottish+Chiefs;1800;29.859749236457162
PG18960;Frederic+Stimson;King+Tale;1937;21.15135135135135
PG1461;Walter+Scott;Legend+Montrose;1800;40.3483893557423
PG2147;Edgar+Poe;Works+Edgar;1839;30.03482972136223
PG41339;Braddon;Mount+Royal;1882;27.08087679516251
PG2706;Heinrich+Zschokke;Bravo+Venice;1805;21.968064823641562
PG42069;Ruthe+Wheeler;Janet+Hardy;1935;18.147944318549694
PG38910;Stanley+Weyman;Abbess+Vlaye;1900;17.8163242393623
PG26890;David+Keller;Racket;1933;17.52480916030534
PG50371;Nina+Rhoades;When+Gretel;1912;19.87280816540173
PG56097;Margaret+Vandercook;Ranch+Girls;1911;31.233678523187752
PG10849;Mrs+Walton;Saved+Lighthouse;1879;20.905919661733616
PG58173;Chatrian+Erckmann;Great+Invasion;1815;21.673273796558483
PG32891;Leroy+Yerxa;Phantom+Forest;1940;12.42332268370607
PG23378;William+Kingston;Tales+Jack;1857;26.259329882865703
PG18644;Ethel+Dell;Swindler+Other;1914;15.056567915036332
PG45202;George+Durston;Scouts+Rescue;1921;17.497065297138665
PG33368;Frances+Broderip;Tales+Toys;1869;35.28024691358025
PG11436;Bayard+Taylor;Stories+American;1862;21.303342963268676
PG35858;Noel+Sainsbury;Bill+Bolton;1933;17.012373819602736
PG2794;Bret+Harte;Found+Blazing;1882;19.49755501222494
PG21514;Thomas+Peacock;Gryll+Grange;1836;21.666818700114025
PG29293;Sewell+Wright;Priestess+Flame;1944;17.658616904500548
PG11426;Stewart+White;Call+North;1920;18.137810559006212
PG42757;Alexandre+Dumas;Countess+Charny;1846;21.22741069343918
PG26617;Madeline+Leslie;Minnie+Parrot;1863;24.265774378585085
PG29948;Fredric+Brown;Timer;1937;16.41269841269841
PG35023;Augustin+Filon;Garrick+Pupil;1893;20.294416243654823
PG49635;James;Attila+Romance;1800;29.27034052508448
PG41645;Paul+Kock;Milkmaid+Montfermeil;1843;20.340024951797663
PG37439;Fanny+Burney;Wanderer+Female;1814;31.003434065934066
PG34917;Adolf+Streckfuss;Lonely+House;1869;23.854425749817118
PG7730;Edward+Lytton;Paul+Clifford;1848;28.427341227125943
PG17469;Dornford+Yates;Berry;1936;17.22335982756298
PG37441;Fanny+Burney;Wanderer+Female;1814;32.37494981934966
PG7050;Wodehouse;Swoop+Clarence;1938;15.686351706036746
PG33811;Madeline+Leslie;Pearl+Love;1847;19.631878557874764
PG32478;der+Velde;Tales+from;1812;20.69619991738951
PG31377;Hoffmann;Weird+Tales;1809;31.93013004187789
PG4940;Josephine+Chase;Grace+Harlowe;1921;20.384282178217823
PG49767;Ralph+Robin;Business+Lawyers;1958;19.242894056847547
PG41796;James+Hogg;Brownie+Bodsbeck;1818;31.988195615514336
PG37454;Laura+Crane;Automobile+Girls;1910;18.964107938171338
PG2197;Fyodor+Dostoyevsky;Gambler;1861;20.225316455696202
PG58322;Mrs+Oliphant;Three+Brothers;1869;22.68383340797134
PG4588;Arthur;Allen+House;1857;21.118755477651185
PG34883;Charles+Lever;Barrington;1863;24.781216361679224
PG11866;Daniel+Defoe;Life+Most;1800;48.17931476144733
PG51231;Charles+Dye;Syndrome+Johnny;1952;14.129237288135593
PG27067;Anthony+Trollope;Fixed+Period;1858;24.706971362452993
PG1941;Honoré+Balzac;Letters+Brides;1834;22.916684514885414
PG43151;Frances+Peard;Cartouche;1871;21.985362878633868
PG59990;Amy+Levy;Miss+Meredith;1885;25.396494156928213
PG21572;Frederick+Marryat;Percival+Keene;1800;31.986477462437396
PG27061;Firth+Scott;Rider+Waroona;1912;17.734081041968164
PG32465;George+Marsh;Whelps+Wolf;1922;21.734551316496507
PG53987;Josephine+Chase;Marjorie+Dean;1818;17.293234873749405
PG61005;Clara+Holmes;Floating+Fancies;1898;27.295727636849133
PG36054;John+Bowling;Last+Vikings;1894;23.475524475524477
PG26292;James+Schmitz;Star+Hyacinths;1956;17.015961691939346
PG54034;Richard+Bonner;Inventors+Electric;1914;18.050886220697542
PG19592;Horatio+Alger;Frank+Fearless;1896;13.755397108338284
PG17352;Leo+Tolstoy;Awakening+Resurrection;1899;20.994227161206524
PG1312;Bret+Harte;Selected+Stories;1879;24.550669216061184
PG24936;Irvin+Cobb;Thunders+Silence;1915;25.948024948024948
PG32219;Adelbert+Chamisso;Marvellous+History;1820;28.635373443983404
PG3281;Joseph+Lincoln;Whittaker+Place;1917;15.011911923956202
PG514;Louisa+Alcott;Little+Women;1870;25.973966634789075
PG54855;Robert+Buchanan;Abelard+Romance;1884;23.56752136752137
PG57816;Roy+Snell;Plane+Mystery;1931;12.778908951210143
PG3762;Winston+Churchill;Coniston;1906;20.41417497231451
PG27907;George+Fenn;Hunting+Skipper;1888;19.953422239654834
PG21118;George+Vaizey;Etheldreda+Ready;1900;20.582309582309584
PG8607;Catharine+Traill;Forest+Pictures;1869;32.59865470852018
PG15033;Ernest+Raymond;Tell+England;1941;20.32576963906582
PG41445;Mary+Shelley;Frankenstein+Modern;1834;28.313256752561315
PG233;Theodore+Dreiser;Sister+Carrie;1918;16.417869683964106
PG13738;Frederick+Palmer;Last+Shot;1949;17.809093213893348
PG40180;Amelia+Opie;Woman+Love;1821;32.36669213139801
PG1374;Honoré+Balzac;Vendetta;1834;23.119858156028368
PG4945;Edith+Bancroft;Jane+Allen;1818;18.01683262209578
PG9785;Walter+Scott;Woodstock+Cavalier;1826;39.05404191616766
PG56878;Ivan+Turgenev;First+love;1860;25.482034412955464
PG8178;Wodehouse;Politeness+Princes;1938;14.810463515374025
PG42246;Laura+Richards;Quicksilver;1899;16.946102819237147
PG42403;Lester+Chadwick;Eight+Oared;1913;16.19392857142857
PG17866;Beam+Piper;Murder+Gunroom;1944;18.971153846153847
PG50844;Robert+Sheckley;Proof+Pudding;1955;14.563636363636364
PG37043;Amy+Feuvre;Jill;1800;16.378409417169106
PG25468;Friedrich+Klinger;Faustus+Life;1825;26.731484859540313
PG40814;Fanny+Fern;Ruth+Hall;1855;25.6541876649868
PG7087;Daniel+Thompson;Gaut+Gurley;1857;40.68474923234391
PG41565;Alan+Nourse;Consignment;1932;17.443708609271525
PG33634;Frank+Packard;Night+Operator;1920;24.648601056544706
PG2150;Edgar+Poe;Works+Edgar;1839;26.42417985776554
PG23661;Nesbit;Book+Dragons;1901;24.636605952909818
PG40908;Edith+Bancroft;Jane+Allen;1818;17.53211009174312
PG50604;Margaret+Sutton;Phantom+Friend;1933;13.382615546218487
PG58798;Ralph+Williams;Runners;1946;15.334661354581673
PG33697;Paul+Heyse;Children+World;1882;26.668723385765187
PG41256;Mary+Hays;Memoirs+Emma;1811;34.57743631217145
PG17806;Charles+King;Foes+Ambush;1873;22.44924154025671
PG63025;Kate+Chopin;Night+Acadie;1897;21.877962682803833
PG5354;Walter+Scott;Mannering+Astrologer;1815;27.192074592074594
PG1053;Joseph+Conrad;Within+Tides;1921;18.51727231942575
PG39489;Percy+Westerman;With+Beatty;1918;22.910141206675224
PG36631;Bernhard+Ingemann;King+Eric;1843;25.89762340036563
PG4748;James+Curwood;Baree+Kazan;1925;19.498324557204405
PG56437;Hugh+Norris;Rice+Papers;1925;30.88148667601683
PG3991;Pierre+Loti;Madame+Chrysantheme;1888;31.29519071310116
PG66387;Murray+Leinster;Pink+Ears;1946;14.890532544378699
PG24418;Robert+Wicks;Quantum+Jump;1953;13.642857142857142
PG21488;William+Kingston;Saved+from;1857;30.140061162079512
PG37148;Francis+Smith;Other+Fellow;1886;24.560965794768613
PG25045;Cornelius+Mathews;Chanticleer+Thanksgiving;1850;35.276794035414724
PG5150;Arthur+Reeve;Wall;1918;20.16983695652174
PG30057;Aylward+Dingle;Pirate+Woman;1828;20.726214143709175
PG4454;George+Meredith;Beauchamp+Career;1876;22.268842729970327
PG23058;Aleksandr+Pushkin;Queen+Spades;1828;17.33823529411765
PG43270;Elizabeth+Sandham;Perambulations+Butterfly;1800;48.969052224371374
PG46610;Jane+Porter;Pastor+Fire;1817;31.23220675944334
PG39245;John+Kennedy;Quodlibet+containing;1840;33.2490650710546
PG35808;Gordon+Stuart;Scouts+Indian;1936;18.987666666666666
PG1667;Walter+Scott;Aunt+Margaret;1812;35.54677754677755
PG34605;Harriet+Grove;Betty+Freshman;1931;19.29574155653451
PG6944;Walter+Scott;Heart+Lothian;1818;39.41730345810128
PG5537;Georg+Ebers;Thorny+Path;1880;26.405021834061134
PG23166;Bayard+Taylor;From+Atlantic;1862;24.458791208791208
PG16540;Juliana+Ewing;Melchior+Dream;1862;25.05630278385987
PG9439;Maria+Edgeworth;Tales+Novels;1832;34.8091292793497
PG46217;Michael+Arlen;Romantic+Lady;1921;34.42547770700637
PG54725;Stahl;Butterfly+Chase;1869;18.03265306122449
PG9414;Maria+Edgeworth;Tales+Novels;1832;33.245635159542445
PG53645;Mrs+Oliphant;Heart+Cross;1863;30.45792962774095
PG3610;Charlotte+Yonge;Daisy+Chain;1856;24.102236228107387
PG32707;Constance+Woolson;Anne+Novel;1882;22.735093470364134
PG63888;William+Williams;Great+American;1933;16.10534674430916
PG54632;Don+Palmer;Scout+Explorers;1955;13.712806264208133
PG2827;Fouqué+Motte;Aslauga+Knight;1827;33.61224489795919
PG44154;Ellis+Butler;Swatty+Story;1920;20.01754044045995
PG64407;Burt+Standish;Dick+Merriwell;1902;18.567285560840876
PG43706;Stephen+Crane;Wounds+rain;1896;18.51451392947594
PG37972;Anne+Warner;Sunshine+Jane;1901;17.292608935466077
PG51686;Josephine+Chase;Marjorie+Dean;1818;16.036655787095153
PG28235;Mary+MacGregor;Orchard+Glen;1906;25.016928946113495
PG11105;Francis+Woodworth;Jack+Mason;1850;17.582655826558266
PG54803;Sarah+Doughty;Playing+Santa;1865;24.891453831041257
PG1189;Honoré+Balzac;Message;1834;26.536290322580644
PG55244;Hubert+Bland;Prophet+Mantle;1889;23.136685552407933
PG7683;Edward+Lytton;Harold+Last;1848;28.735943775100402
PG59439;Percy+Fitzhugh;Slade+Overlook;1923;18.739067055393587
PG8131;Young;Misses+Mallett;1924;19.038637438889765
PG60096;Bailey;Fortune+Practice;1930;11.871257949433845
PG6194;Gilbert+Parker;Falchion+Complete;1893;21.963735267452403
PG3280;Joseph+Lincoln;Warren+Wards;1917;14.559425043411151
PG792;Charles+Brown;Wieland+Transformation;1800;19.593078532040312
PG24482;Frances+Montgomery;Adventures+Frisky;1917;25.28
PG7648;Edward+Lytton;Ernest+Maltravers;1848;26.21502590673575
PG57827;Elizabeth+Renninger;Story+Rustem;1909;30.227678571428573
PG36493;Frederic+West;Owen+Fortune;1942;21.238041002277903
PG35852;Fritz+Reuter;Year+Tale;1867;25.80530709600477
PG21854;Bentley;Woman+Black;1926;21.497332686711932
PG13146;Alice+Miller;Beauty+Bolshevist;1914;20.856304985337243
PG43697;Josephine+Franklin;Nelly+First;1860;21.82758620689655
PG25525;Edgar+Poe;Works+Edgar;1839;29.519814352017136
PG7644;Edward+Lytton;Ernest+Maltravers;1848;26.457765667574932
PG33823;Richard+Bird;Adventure+Romance;1933;16.64969354078265
PG1310;John+Galt;Annals+Parish;1821;56.5106237148732
PG37908;Amelia+Opie;Adeline+Mowbray;1805;36.50881347013944
PG2950;May+Fleming;Midnight+Queen;1853;23.11627906976744
PG34932;Elizabeth+Pinchard;Mystery+Confidence;1814;44.06344696969697
PG46586;Metta+Victor;Alice+Wilde;1860;23.802833078101074
PG2145;Lew+Wallace;tale+Christ;1876;22.74506237006237
PG26742;Pansy;Chautauqua+Girls;1879;23.641004184100417
PG4621;Arthur;Wives+Lost;1857;18.66756574511126
PG39132;William+Young;Mathieu+Ropars;1868;26.71571906354515
PG12725;Grace+Aguilar;Vale+Cedars;1842;32.6345231752797
PG59039;Ashton+Hilliers;Master+Girl;1910;27.613003095975234
PG57149;Margaret+Sanderson;Camp+Fire;1815;17.30355276907001
PG53081;Mateo+Alemán;Life+Adventures;1821;34.80363321799308
PG53712;Richard+Bonner;Inventors+Flying;1913;18.32257072570726
PG917;Charles+Dickens;Barnaby+Rudge;1851;26.896681027604913
PG3148;Kate+Wiggin;Village+Stradivarius;1895;30.79327731092437
PG56372;Pierce+Egan;Flower+Flock;1820;26.526793308760986
PG50945;Vaughan+Shelton;Point+Departure;1950;17.104273504273504
PG25071;George+Borrow;Romany+Sequel;1857;35.345096814490944
PG35155;Alessandro+Manzoni;Betrothed+From;1839;26.71355373917287
PG7467;William+Thackeray;Newcomes+Memoirs;1854;27.885971137922876
PG36179;Edward+Stratemeyer;Rover+Boys;1906;18.389046079223927
PG7023;Walter+Scott;;1812;38.401138880101236
PG22845;Mary+Mitford;Beauty+Village;1800;52.37864077669903
PG1428;Honoré+Balzac;Grenadiere;1834;27.488262910798124
PG27211;Hazel+Wilson;Jerry+Charge;1941;15.473788721207308
PG22186;Edward+Stratemeyer;Liberty+Texas;1908;19.48504426896387
PG19338;Beam+Piper;Keeper;1944;20.484602917341977
PG16682;Charles+Garvice;Adrien+Leroy;1900;20.78030303030303
PG58514;Paul+Hutchens;Green+Tent;1950;32.69918032786885
PG19943;Rachel+Hayward;Hippodrome;1908;19.603151157065486
PG32108;Henry+Kuttner;Machine;1946;13.706719817767654
PG13094;Henry;Heart+West;1896;20.462246431254695
PG41374;Braddon;Mohawks+Novel;1886;27.238917089678512
PG56665;Mary+Shelley;Tales+Stories;1834;29.06230975828111
PG32874;Knox+Magee;With+Ring;1900;25.86226095376422
PG28391;Harry+Castlemon;True+Colors;1889;23.79683972911964
PG883;Charles+Dickens;Mutual+Friend;1865;21.74545007378259
PG33556;Charles+Lever;Fortunes+Glencore;1857;26.400632161201106
PG31869;Maria+Cummins;Lamplighter;1854;25.004321850769035
PG21879;Sax+Rohmer;Sins+Séverac;1900;16.73404605263158
PG21580;Frederick+Marryat;Pirate;1836;27.834828101644245
PG37113;Owen+Johnson;Sixty+First;1925;18.95327385452896
PG49724;Laura+Richards;Snow+White;1906;17.71899441340782
PG56654;Émile+Zola;Excellency+Eugène;1876;22.04065685164213
PG16741;Mary+Eastman;Aunt+Phillis;1852;24.318845807033362
PG20242;Stephens;Left+Labrador;1898;16.887557603686638
PG19851;Mary+Rinehart;More+Tish;1921;18.94307116104869
PG8677;Louisa+Alcott;Behind+Mask;1870;21.309004363347878
PG419;Frank+Baum;Magic;1898;23.400352733686066
PG52095;Robert+Bowen;Dave+Dawson;1943;14.977130044843049
PG34922;William+Thackeray;History+Pendennis;1849;32.18948655256724
PG6174;Gilbert+Parker;Pierre+People;1912;23.616048317515098
PG19731;Roy+Rockwood;Under+Ocean;1900;16.824239376414383
PG46622;Robert+Bird;Sheppard+Written;1840;34.12160611854684
PG38510;Mary+Brunton;Discipline;1814;29.40865671641791
PG22844;Mary+Mitford;Miss+Philly;1800;48.09473684210526
PG55407;William+Scargill;Blue+Stocking;1827;37.79785894206549
PG40951;Henry+Wood;Johnny+Ludlow;1881;18.83483298409959
PG22152;Cleveland+Moffett;Possessed;1920;18.103111514876222
PG48884;Honoré+Balzac;Love+Mask;1834;22.70124481327801
PG66473;Eugène+Sue;Arthur;1844;27.94196155258969
PG57301;Alice+Haines;Luck+Dudley;1901;18.366524822695034
PG54272;Gabriele+Annunzio;Triumph+Death;1896;20.77351011481684
PG7638;Edward+Lytton;Disowned;1829;30.257621951219512
PG44693;Clair+Blank;Adventure+Girls;1934;15.325267447784004
PG38142;Eugène+Sue;Seven+Cardinal;1840;25.134198473282442
PG3705;Robert+Wason;Happy+Hawkins;1909;28.720060445787684
PG54772;Elijah+Kellogg;Turning+Tide;1873;28.269830733488217
PG4455;George+Meredith;Beauchamp+Career;1876;21.38604898828541
PG2149;Edgar+Poe;Works+Edgar;1839;33.26518753301637
PG33948;Albert+Paine;Hollow+Tree;1901;41.682527301092044
PG7426;Alexandre+Dumas;Chicot+Jester;1846;16.164971107674777
PG53711;Robert+Grant;Orchid;1906;22.457110609480814
PG21839;Jane+Austen;Sense+Sensibility;1806;30.221943210353487
PG53440;Josephine+Chase;Marjorie+Dean;1818;15.987430505197002
PG22071;Josephine+Chase;Marjorie+Dean;1818;15.411346115833169
PG51805;Earl+Goodale;Success+Story;1948;19.774086378737543
PG7472;Edward+Bellamy;Duke+Stockbridge;1884;26.467952464445744
PG34975;Mildred+Wirt;Whispering+Walls;1946;14.219073435189749
PG16473;Laura+Richards;Queen+Hildegarde;1889;21.18084066471163
PG2151;Edgar+Poe;Works+Edgar;1839;28.377139541630402
PG6105;Harold+Wright;Their+Yesterdays;1912;28.062437395659433
PG7890;Wilkie+Collins;Blind+Love;1866;18.035326373510493
PG44253;James;Richelieu+Tale;1800;35.03824289405685
PG47272;Maud+Peterson;Potter+Clay;1869;19.180632697416083
PG3922;Anatole+France;Lily+Complete;1894;17.672061177307487
PG34710;Anna+Green;Sons;1900;23.058801427766298
PG10776;Victor+Appleton;Moving+Picture;1913;17.922913505311076
PG64816;Robert+Lowndes;Green+Cloud;1958;15.417322834645669
PG24140;George+Birmingham;Northern+Iron;1933;17.276148582600197
